Title,Type(s),עיתון,שפה,ערכים,רגשות,גבולות,conviction,היררכיה,תזה
"ואחרי היום ה–42, האם פנינו להסדר או למלחמת סמוטריץ' ובן גביר?",Critical,הארץ,"הטקסט משתמש בשפה דאונטולוגית של חובה (""חייבים אזרחי ישראל לבחון שוב"") וקביעות אוניברסליות (""דמוקרטיה לא יכולה לשרוד""). הוא מציג את הבחירה לא כהעדפה אלא כאמת אובייקטיבית (""הפעם הכל ברור"").","הטיעון נשען על ערכים מקודשים כמו ""דמוקרטיה"", ""זכויות אדם"" וחיים (דרך השלילה של ""מלחמת שמד"" ו""שפיכות דמים""), ומציב אותם כבלתי ניתנים למשא ומתן.","הטקסט מגייס רגשות מוסריים של דחיפות, פחד קיומי מהעתיד, וזעם מוסרי כלפי ""אנשי הדמים"" והממשלה. הוא נועד לעורר תחושת אחריות אישית כבדה אצל הקורא.","המאמר הוא פעולה אינטנסיבית של ""עבודת גבולות"" (Boundary-Work). הוא יוצר גבול מוסרי חד ונוקשה בתוך הקולקטיב הישראלי, בין אלו השייכים ל""מדינת ישראל"" ואלו השייכים ל""מדינת המתנחלים"", שהיא קהילה מוסרית נפרדת ופסולה.","עמדת הכותב מפגינה רמה גבוהה של שכנוע מוסרי. היא מוצגת כאמת אובייקטיבית ואוניברסלית (הבחירה היא בין שני נתיבים בלבד); היא כוללת קריאה למחויבות אישית לפעולה (""יעשו כל שביכולתם""); והיא מפגינה חוסר סובלנות מוחלט כלפי העמדה הנגדית, אותה היא פוסלת כלגיטימית.","- **בראש סדר העדיפויות:** קיום ""מדינה יהודית ודמוקרטית"", הסדרה פוליטית, ריסון הכוח, הגנה על זכויות אדם, שחרור חטופים, ואחריות אזרחית פעילה. ערכים אלה מוצגים כבסיס לקיום המדינה.","התזה המוסרית המרכזית של הכותב היא שמדינת ישראל ניצבת בפני הכרעה דיכוטומית ובלתי נמנעת בין שתי ישויות מוסריות נפרדות ומנוגדות לחלוטין: ""מדינת ישראל"", המוגדרת כיהודית ודמוקרטית, לבין ""מדינת המתנחלים"", המוגדרת כמשיחית, פונדמנטליסטית והרסנית. ההיגיון המארגן של המאמר הוא הצבת נקודת זמן עתידית ספציפית (""היום ה–42"") כרגע האמת, שבו ההחלטה על המשך המלחמה בעזה אינה מהלך אסטרטגי אלא אקט מוסרי שיקבע את זהותה המהותית של המדינה לעתיד לבוא. ההיגיון הוא ליניארי וקטסטרופלי: בחירה בנתיב אחד מובילה ל""לידה מחדש"" של המדינה, בעוד שהבחירה בנתיב השני מובילה לאבדון מוחלט (מלחמת שמד, חורבן ערכי ופיזי)."
תכנית השלבים לחיסול החטופים,Critical,הארץ,"הטקסט משתמש בשפה דאונטית ואוניברסלית מובהקת: ""יש הכרח להתבונן"", ""תידרש... תשובה על שאלה צורבת אחת"". המסקנות מוצגות כעובדות אובייקטיביות (""המסקנה העולה... היא"") ולא כהעדפה אישית.","הטיעון נסמך על ערכים מקודשים כמו ""חיים"" (של חטופים וחיילים), ומציב אותם כערך עליון שאינו ניתן לסחרור מול ערכים ""פרוזאיים"" כמו פוליטיקה ואידיאולוגיה.","הטקסט מגייס רגשות מוסריים עזים: זעם ובוז כלפי הממשלה (""אטום"", ""שרלטן""), אימה וחרדה לגורל החטופים (""לצפות באימה""), ופנייה לחמלה דרך דימוי ""עיניהם המתות"".","המאמר עוסק באופן אינטנסיבי בעבודת-גבולות מוסרית. הוא מגדיר את הממשלה כנמצאת מחוץ לקהילה המוסרית הישראלית הלגיטימית, בשל בגידתה בערך החיים.","עמדת הכותב מפגינה את כל המאפיינים של ""שכנוע מוסרי"" עמוק. היא מוצגת כאמת אובייקטיבית ואוניברסלית (""המסקנה העולה... היא""); היא מניעה תחושת דחיפות וזעם; היא מובילה לדחייה מוחלטת של הלגיטימיות של הרשות (הממשלה); ומבטאת חוסר סובלנות כלפי העמדה הנגדית, שממוסגרת לא כטעות אלא כרוע.","- **בראש סדר העדיפויות:** הצלת חיי אדם באופן מיידי ומוחלט – הן של החטופים (""להציל את חייהם של חטופים שעלולים למות"") והן של החיילים (""למנוע עוד מוות של חיילים"").","התזה המוסרית המרכזית של המאמר היא שהממשלה הנוכחית פועלת ב""כוונת זדון"" ומבצעת הונאה מוסרית מכוונת. ההיגיון המארגן הוא היסק לוגי-פרשני: מכיוון שהממשלה יכלה להסכים לעסקה כוללת בפעימה אחת שתציל את כל החטופים והחיילים, אך בחרה במבנה של שתי פעימות, המסקנה ההכרחית היא שהיא אינה מתכוונת כלל להגיע לשלב השני. לפיכך, הממשלה מקריבה במודע את חיי יתרת החטופים וחיילי צה""ל למען הישרדותה הפוליטית והמשך ""מלחמת השמד"" בעזה, המונעת מ""חלום ההתנחלות""."
אייל זמיר - עוד מאותו החומר,Ethno-Religious,ערוץ 7,"הטקסט רווי בשפה דאונטולוגית (מבוססת חובה) ואוניברסלית (בתוך הקבוצה). ביטויים כמו ""חובתך להילחם"", ""אין להרוג סתם"", וקביעות נחרצות לגבי מהו ""מוסרי"" ו""בלתי מוסרי"" מציגים את העמדה כציווי אובייקטיבי ולא כהעדפה.","הטיעון נשען באופן מוחלט על ערכים מקודשים: ""דם"" יהודי, חיי חיילים, והניצחון הלאומי. ערכים אלה מוצגים כבלתי ניתנים למשא ומתן או לצמצום לכדי אינטרס.","המאמר מגייס רגשות מוסריים עזים. יש בו **זעם (Rage)** כלפי ""הקונספציה"" שהובילה לטבח, **בוז (Contempt)** כלפי המוסריות ""המעוותת"" של זמיר, ו**פחד (Fear)** מפני ההשלכות העתידיות של מינויו. הוא גם מאשים את זמיר בדיכוי רגש מוסרי לגיטימי – **נקמה**.","כל המאמר הוא פעולה של ""עבודת-גבולות"" (Boundary-Work). הוא משרטט גבול מוסרי חד בין ""אנחנו"" (המחזיקים במוסר היהודי האמיתי) לבין ""הם"" (קציני הקונספציה והשמאל), ומגדיר את האחרונים כמי שנמצאים מחוץ לקהילה המוסרית הלגיטימית.","עמדת הכותב מדגימה רמה גבוהה ביותר של שכנוע מוסרי (Moral Conviction). היא מוצגת כ**אמת אובייקטיבית ואוניברסלית** (""המוסר היהודי""). היא מלווה ב**דחף מוטיבציוני** עז (למנוע את המינוי ולהציל את ישראל). היא מפגינה **חוסר תלות בסמכות** (דחיית הסמכות המוסרית של צמרת צה""ל והמשפטנים). היא מביעה **חוסר סובלנות חברתית** כלפי בעלי עמדות מנוגדות, המוצגים כסכנה קיומית. היא מדגימה **התמקדות במטרה על פני האמצעים** (הניצחון מצדיק פעולות קשות).","- **בראש ההיררכיה:** חיי יהודים (חיילים ואזרחים), הניצחון הצבאי, והדבקות ב""מוסר היהודי"" האותנטי. ערכים אלה מוצגים כמקודשים ובלתי ניתנים לפשרה.","התזה המוסרית המרכזית של המאמר היא שאייל זמיר, וצמרת הביטחון שהוא מייצג, פועלים מתוך ""מוסר מעוות"" – מערכת מוסרית זרה, משפטית ורציונליסטית-מערבית, אשר מעמידה את חיילי ישראל ואזרחיה בסכנה קיומית. מוסר זה מוצג כהפוך וסותר ל""תפיסה היהודית הבסיסית"" ו""המוסר היהודי"", שהם, לטענת הכותב, המערכת המוסרית האותנטית והיחידה שמבטיחה את ביטחון ישראל וניצחונה. ההיגיון המארגן של המאמר הוא דיכוטומיה מוחלטת ובלתי ניתנת לגישור בין שתי מערכות מוסר אלו. כל עמדה המיוחסת לזמיר (לגבי מידתיות, הגנה על אזרחי אויב, הרתעה, נקמה) מוצגת כביטוי של ""המוסר המעוות"", ומיד לאחריה מוצגת האלטרנטיבה הנגזרת מ""המוסר היהודי"" כפתרון הנכון והצודק. המאמר בנוי ככתב אישום מוסרי, בו ""המוסר המעוות"" הוא שורש הכישלון הצבאי והלאומי, ומינוי זמיר יוביל להנצחתו ולהעמקתו."
הסכם שחרור השבויים וניצחון במלחמה,Ethno-Religious,ערוץ 7,"הטקסט רווי בשפה דאונטולוגית. ביטויים כמו ""אסור"", ""אין לנו שום זכות להתנגד"", ""המטרה היחידה שצריכה לעמוד לנגד עיני מפקדי הצבא"" ו""אין קיימות בזה השאלות על פיקוח נפש"" אינם מציגים העדפה, אלא ציווי מוחלט ובלתי מתפשר הנגזר ממקור סמכות עליון (ההלכה).","הטיעון נבנה כולו על ערכים מקודשים: ""קידוש השם"", ""כבוד ישראל"", ""מלחמה על קדושת השם"", ""מסירות נפש"". ערכים אלה מוצגים כבלתי ניתנים למשא ומתן או לצמצום לכדי אינטרס, והם אלו שמצדיקים את דחיית הערך המקודש של ""פיקוח נפש"" (חיי החטופים).","המאמר אינו פונה לרגש באופן ישיר, אך הוא פועל על ציר רגשי-מוסרי מובהק. הוא מבקש לעורר תחושת אחריות קולקטיבית וחרדה קיומית (""פוטנציאל סכנה איומה לעם ישראל כולו"") כדי לדחות את הרגש המיידי של חמלה כלפי החטופים. הדיבור על ""חירוף וגידוף כלפי מעלה"" נועד לעורר זעם צודק (righteous anger).","המאמר מבצע עבודת-גבולות אינטלקטואלית. הוא משרטט גבול ברור בין שתי לוגיקות מוסריות: לוגיקה של ""שגרה"" ולוגיקה של ""מלחמה"". מי שמצוי בצד הנכון של הגבול מבין את ההבחנה הזו. מי שלא, שוגה ומסכן את הכלל. זוהי הגדרה של ""אנחנו"" (המבינים את חומרת שעת המלחמה) מול ""הם"" (הטועים ביישום ההלכה).",עמדת הכותב מפגינה רמה גבוהה של שכנוע מוסרי.,המאמר מציג היררכיה מוסרית ברורה ותלוית-הקשר:,"התזה המוסרית המרכזית של המאמר היא שבמצב של מלחמה כוללת, החובה המוסרית העליונה היא השגת ניצחון והכרעה, וערך זה דוחה את החובה המוסרית לפדות שבויים, גם כאשר חייהם בסכנה מוחשית. ההיגיון המארגן את הטיעון הוא היררכי-הקשרי: הוא מבחין באופן חד בין שני הקשרים מוסריים נפרדים – ""אירוע טרור"" מול ""מלחמה"" – וטוען שלכל הקשר יש כללים מוסריים משלו. בעוד שבאירוע טרור נקודתי ניתן לשקול הצלת חיים מיידית גם במחיר סיכון עתידי, במצב מלחמה חל היפוך היררכי, והחובה המוסרית כלפי הכלל (ניצחון במלחמה) גוברת על החובה כלפי הפרט (הצלת החטופים). הניצחון במלחמה אינו ממוסגר רק כיעד אסטרטגי, אלא כציווי דתי עליון של ""קידוש השם""."
"משקרים לנו: זו לא עסקת חטופים, אלא הסכם כניעה לחמאס",Ethno-Religious,סרוגים,"הטקסט משתמש בשפה של קביעות עובדתיות ואוניברסליות כדי להציג את טיעוניו המוסריים. לדוגמה, ""ההבדל האמיתי... הוא... תפיסה אמונית"" או ""האמת הפשוטה היא שאי אפשר להיאחז... אם אינך מאמין"". השימוש בביטויים כמו ""האמת הפשוטה"" ממסגר את הטענה כעובדה אובייקטיבית ולא כדעה.","הטיעון נסמך באופן מובהק על ערכים מקודשים: ""הארץ"" כמקום בעל משמעות תיאולוגית, ""הבטחה אלוקית"" כמקור הזכות עליה, ו""עם הנצח"" כמסגרת זמן קדושה. ערכים אלה מוצגים כבלתי ניתנים למשא ומתן.","הטיעון מגייס את ציר הרגשות המוסרי של **פחד** מול **חוסן/אמונה**. פחד אינו מוצג כרגש טבעי אלא ככשל מוסרי, תוצר של חוסר אמונה. התיאור של השמאל כמי שתופס את האמונה כ""פגאנית"" ו""אנכרוניסטית"" נושא מטען רגשי של בוז משתמע כלפי עמדה זו.","המאמר הוא פעולה מובהקת של ""עבודת-גבולות"" מוסרית. הוא משרטט גבול ברור בין הקהילה המוסרית הלגיטימית (ה""מאמינים"") לבין אלו שמחוצה לה (השמאל, בעלי ערכים אוניברסליים, ה""פוחדים""). הגבול אינו פוליטי אלא מהותני-רוחני.",עמדת הכותב מדגימה רמה גבוהה של שכנוע מוסרי (Moral Conviction).,"בראש ההיררכיה המוסרית ניצבת **האמונה האלוהית** כערך עליון ומקור לכל שאר הערכים החיוביים. מתחתיה נמצאים **הקשר לארץ** ו**החוסן הלאומי**, הנגזרים ישירות מהאמונה. בתחתית ההיררכיה נמצאים **הפחד**, **החולשה**, ו**הפשרה**. באופן משתמע, הדאגה לטווח הארוך ולשלמותו של ""עם הנצח"" מקבלת עדיפות מוסרית על פני הדרישה לתוצאה מיידית (""עכשיו!""), גם כאשר הדבר כרוך בהשארת חטופים בשבי. ""ערכים ליברליים ואוניברסליים"" ממוקמים מחוץ להיררכיה הלגיטימית, כקטגוריה מוסרית שלילית וסותרת.","התזה המוסרית המרכזית של המאמר היא שהלגיטימיות והיעילות של פעולה פוליטית וצבאית, ובפרט הזכות על ארץ ישראל והיכולת להיאחז בה, נובעות באופן בלעדי מתוך ""תפיסה אמונית"" – אמונה בבורא ובהבטחתו האלוהית. ההיגיון המוסרי המארגן הוא דיכוטומי וסיבתי: ""אמונה"" (המוגדרת כ""קשר יהודי"") היא המקור ל""קשר לארץ"", אשר בתורו מייצר ""חוסן מול הטרור"". היעדרה של אמונה, המזוהה עם אימוץ ""ערכים ליברליים ואוניברסליים"", מוביל בהכרח ל""חולשה"", ""פחד"" ו""פשרות מסוכנות"", המגיעות לשיאן במעשה המוגדר ככניעה מוסרית. לפיכך, החלטות מדיניות אינן נשפטות על פי תוצאותיהן הפרגמטיות אלא על פי המקור הרוחני-אמוני שממנו הן נובעות."
למה ישראל לא חיפשה אלטרנטיבה לחמאס?,Ethno-Republican,ynet,"הטקסט משתמש בשפת חובה מרוככת (""ישראל אמורה לקחת בחשבון""), המציגה את הטיעון כציווי מוסרי-אסטרטגי. בנוסף, הוא משתמש בקביעות נחרצות ובעלות אופי עובדתי כדי לתאר את העתיד (""יחזור לשלטון"", ""נמשיך לחיות כאן""), מה שמעניק לטיעון תוקף של אמת אובייקטיבית ולא של דעה סובייקטיבית.","הטיעון נשען על הערך המקודש של ביטחון ישראל והמשכיותה. האיום על ערך זה אינו רק צבאי, אלא קיומי, והוא מגולם במושג ""צבא היתומים"". כמו כן, הטקסט מקדש את זיכרון השבעה באוקטובר כ""צלקת"" ו""טראומה"" המגדירה את הקולקטיב הישראלי.","הטקסט מגייס רגשות של פחד וחרדה קיומית מפני העתיד, ותחושות של ייאוש וחוסר אונים (""שלום כנראה לעולם לא יהיה""). ישנה גם תחושה משתמעת של זעם ותסכול כלפי ""מדינת ישראל"" על מחדליה.","הטקסט מבצע עבודת-גבולות בשתי רמות. ראשית, הוא משרטט גבול ברור בין ""אנחנו כישראלים"", המוגדרים על ידי טראומה משותפת, לבין העזתים, המוגדרים כאיום עתידי. שנית, הוא משרטט גבול מוסרי בין ישראל, הזוכרת את הזוועות, לבין ""העולם"", ששכח אותן.","ניתן לזהות בטיעון מאפיינים של עמדה המוחזקת ב""שכנוע מוסרי"".","בראש ההיררכיה המוסרית של הכותב ניצבת האחריות להבטחת ביטחונה ארוך הטווח של ישראל. מתחתיה, ובכפיפות לה, נמצאת ההתייחסות לסבל הפלסטיני; סבל זה אינו מוצג כעניין מוסרי העומד בפני עצמו, אלא כגורם המייצר איום עתידי על ישראל (""צבא היתומים""). זיכרון זוועות השבעה באוקטובר והטראומה הישראלית מוצבים במעמד מוסרי גבוה יותר מהסבל העזתי הנוכחי, שהעולם, לטענת הכותב, מתמקד בו באופן שגוי. הערך של ""שלום"" מוצג כערך נכסף אך כפוף לתנאי מוקדם שאינו מתקיים: סילוק שלטון חמאס.","התזה המוסרית המרכזית של המאמר היא שישראל מבצעת כשל מוסרי-אסטרטגי בכך שהיא מתמקדת באיום הצבאי המיידי של חמאס ומתעלמת מההשלכות ארוכות הטווח של פעולותיה, ובכך זורעת את זרעי האיום העתידי. ההיגיון המוסרי המארגן את הטיעון הוא היגיון של אחריות לתוצאות עתידיות. הטיעון בנוי על שרשרת סיבתית פסימית: המלחמה, בהיעדר אלטרנטיבה שלטונית שישראל הייתה אמורה לספק, יוצרת דור חדש של יתומים חסרי תקווה (""צבא היתומים הענק""). דור זה, ש""אין לו מה להפסיד יותר"", יהפוך בהכרח למקור האיום הבא על ישראל. לפיכך, הכישלון המוסרי אינו טמון בפעולה הצבאית עצמה, אלא במחדל האסטרטגי-מדיני הנלווה אליה, מחדל המבטיח את המשך מעגל הדמים ומונע כל אפשרות עתידית לשלום."
אז מה יקרה בשלב ב',Ethnocentric,ynet,"הטקסט משתמש בשפה מוסרית אבסולוטית לתיאור האויב (""נאצים"", ""שטן"", ""דם על הידיים""), אך הטיעון המרכזי עצמו מנוסח בשפה ספקולטיבית והיפותטית (""אם בוחנים"", ""אולי אפשר להתעודד"", ""לא מן הנמנע""). כלומר, הקביעות המוסריות משמשות כתשתית עובדתית לטיעון שאינו דאונטולוגי אלא תועלתני ומותנה.","הטיעון נשען על ערכים מקודשים כמו חיי החטופים והמאבק על ביטחון הקולקטיב היהודי (""דם יהודי""). ערכים אלו אינם מוצגים כנתונים למשא ומתן, אך המאמר דן באופן שבו יש לתעדף ביניהם ובאסטרטגיה להשגתם.","הטקסט מגייס במפורש רגשות של ""שמחה"", ""עצב"", ""כאב"" ו""חשש"". הוא שואף להפיג את החשש ולהמיר אותו ב""עידוד"" ותקווה, על בסיס הנרטיב הספקולטיבי שהוא מציע. הרגשות משמשים כמנוע להנעת הקורא מעמדה של כאב בהווה לעמדה של תקווה לעתיד.","כפי שפורט לעיל, הטקסט עוסק באופן אינטנסיבי בעבודת גבולות. הוא מחזק את הגבול החיצוני המוחלט בין הקהילה המוסרית הישראלית לבין האויב הדמוני, ובמקביל מפרק ומגדיר מחדש את הגבולות הפוליטיים הפנימיים כדי ליצור חזית אחידה (גם אם סמויה) מול האתגר.","עמדתו של הכותב עצמו אינה מוצגת כנובעת משכנוע מוסרי (Moral Conviction) עמוק. היא מוצגת כניתוח רציונלי, ספקולטיבי ומחושב. עם זאת, הכותב מתאר אצל אחרים עמדות בעלות שכנוע מוסרי. למשל, תיאור חמאס כשואף לשפוך דם יהודי הוא תיאור של עמדה אבסולוטית ואוניברסלית (מנקודת מבטם). באופן מעניין, הכותב שולל במפורש את קיומו של שכנוע מוסרי בקרב מתנגדי העסקה מימין (""אין התנגדות... אידיאולוגית""), וממסגר את עמדתם כפרגמטית, ובכך מחליש את הפוטנציאל שלהם להיתפס כבלתי מתפשרים.","בראש ההיררכיה המוסרית של הכותב ניצבת הבטחת האינטרסים ארוכי הטווח של מדינת ישראל, הכוללים ניצחון במלחמה, השבת כל החטופים, ושימור העליונות האסטרטגית. מתחת לכך, נמצאת החובה המיידית להשיב חלק מהחטופים (33 במספר). הערך של השבתם המיידית של 33 החטופים מוצג כחשוב, אך הוא כפוף ומשועבד למטרה העליונה. בתחתית ההיררכיה נמצאים שיקולים הנוגעים למחיר המיידי, כמו שחרור מחבלים. הכותב מציג את המחיר הזה ככבד, אך ככזה שיש לשקול אותו ביחס לתועלת האסטרטגית העתידית, ולא כטאבו מוסרי מוחלט.","התזה המוסרית המרכזית של הכותב היא שהערכתה המוסרית והאסטרטגית הנכונה של עסקת החטופים אינה יכולה להתבסס רק על תנאיה הגלויים והמיידיים, הכואבים ככל שיהיו, אלא חייבת לכלול ממד ספקולטיבי ועתידי של הסכמות נסתרות, המותנות בשינוי פוליטי בארצות הברית. ההיגיון המארגן את הטיעון הוא לוגיקה של דחיית סיפוקים וחישוב תועלתני ארוך-טווח: הוא מציג את המחיר הכבד והוודאי בהווה (שחרור מחבלים, השארת חטופים מאחור) כהכרח שניתן להצדיקו רק דרך האמונה בקיומו של רווח עתידי גדול יותר, שאינו מובטח אך קיימת אפשרות סבירה לקיומו. הטיעון מסיט את המוקד המוסרי מהשאלה ""האם העסקה הנוכחית טובה?"" לשאלה ""האם העסקה הנוכחית היא שלב הכרחי בדרך לעסקה טובה יותר בעתיד?""."
הרב שמואל אליהו: לעצור את 700 באוקטובר,Ethnocentric,ערוץ 7,"הטקסט משתמש בשפה של קביעות עובדתיות ואוניברסליות. האמירה ""מי שמצביע בעד העסקה מביא את השטן"" אינה מוצגת כהשערה אלא כקביעה של סיבה ותוצאה מוחלטת. השימוש בביטוי ""אין להם שום ספק"" מדגיש את המעבר מדיון המבוסס על הערכות לדיון המבוסס על ודאות מוסרית.","הטיעון נשען על הערך המקודש של חיי יהודים ועל ביטחון הקולקטיב. המושג ""רצח"" משמש כמסמן מוסרי מוחלט המציב את הדיון מחוץ למסגרת של משא ומתן פוליטי.","הטקסט מגייס את רגש ה**כאב** של המשפחות השכולות כדי לעורר **אמפתיה** כלפיהן ו**פחד** מפני העתיד בקרב הקוראים. הוא מתאר את ה**בוז** והלעג של המחבלים (""צוחקים לכולם בפנים"") כדי לעורר **זעם** ודחייה מוסרית כלפיהם.","הטקסט מבצע עבודת גבולות חדה. הוא יוצר גבול חיצוני בין ""יהודים"" (הקורבנות הפוטנציאליים) לבין ""הרוצחים"" (האיום המהותני). חשוב מכך, הוא יוצר גבול פנימי נוקב בין אלו המגנים על הקהילה (המתנגדים לעסקה) לבין אלו המסכנים אותה (תומכי העסקה).",הטקסט מבטא רמה גבוהה ביותר של שכנוע מוסרי.,"בראש ההיררכיה המוסרית של הטקסט ניצב הערך של ביטחונם וחייהם העתידיים של אזרחי ישראל היהודים. ערך זה מוצג כערך עליון ומוחלט. הטקסט אינו מזכיר את החטופים המוחזקים בעזה, ובכך, באופן משתמע, ערך שחרורם נדחק לתחתית סדר העדיפויות המוסרי או אינו נחשב כלל במסגרת החישוב המוסרי המוצג, אל מול הוודאות של רצח המוני עתידי. למחבלים המשוחררים אין כל מעמד מוסרי; הם מתוארים כמהות של רוע שדינם היחיד הוא כליאה.","התזה המוסרית המרכזית היא שתמיכה בעסקת החטופים מהווה מעשה בלתי נסלח של הפקרת ביטחון הציבור, שכן היא מובילה באופן ודאי וישיר לרצח המוני עתידי של יהודים. ההיגיון המארגן של הטיעון הוא לוגיקה דטרמיניסטית המבוססת על תקדים היסטורי; הוא מציג מחזוריות בלתי נמנעת שבה שחרור מחבלים מוביל בהכרח לחזרתם לטרור ולרצח נוסף. העבר (""עסקת שליט המופקרת"") משמש כהוכחה אמפירית מוחלטת לתוצאות העתידיות של הפעולה הנידונה בהווה."
"בין שחרור החטופים לשחרור המחבלים, אנחנו עם שמבקש חיבוק",Ethnocentric,ישראל היום,"הטקסט משתמש בשפה דאונטולוגית (שפת חובה) כדי להגדיר את ההתנהגות הראויה (""זוהי העת לתמיכה הדדית""). הוא משתמש בטענות בעלות אופי אוניברסלי וכוללני (""כל מי שלב יהודי פועם בקרבם"", ""אין מי שיראו... ולבבותיהם לא יתחמצו"") כדי להציג את התגובה הרגשית כעובדה אובייקטיבית ולא כהעדפה אישית.","הטיעון נסמך באופן ישיר על ערכים מקודשים. ""קדושת החיים"" מוצגת כערך עליון וכיסוד הקיום. מושגים נוספים כמו ""מיטב בניו"" ו""מולדת"" משמשים לחיזוק המסגרת המקודשת של הדיון.","הטקסט מגייס רגשות מוסריים באופן שיטתי. הוא בונה את הטיעון סביב הניגוד בין **גאווה** (Pride) קולקטיבית לבין **השנאה** וה**בוז** (Contempt) לחיים המיוחסים לאויב. הוא מעורר **חמלה** (Compassion) כלפי משפחות החטופים והנרצחים וקורא לביטויה המעשי (""חיבוק"", ""תמיכה"").","הטקסט מבצע עבודת גבולות מובהקת. הוא משרטט גבול מוסרי חד ובלתי עביר בין הקהילה הפנימית (""אנחנו""), המוגדרת על ידי קדושת החיים, לבין העולם החיצוני של האויב, המוגדר כטמא מוסרית. במקביל, הוא פועל למחיקת גבולות פנימיים כדי לחזק את הסולידריות של הקהילה המוסרית.",העמדה המוצגת בטקסט מפגינה רמה גבוהה של שכנוע מוסרי (Moral Conviction) על פי מאפייניו:,"בראש ההיררכיה המוסרית ניצב באופן מפורש הערך של ""קדושת החיים"", המוגדר כ""יסוד קיומו"" של העם. ערך זה מצדיק נטילת סיכונים משמעותיים. במקום שני בחשיבותם, וכתגובה הנדרשת של הרגע, נמצאים ערכי האחדות הלאומית והערבות ההדדית (""תמיכה הדדית"", ""חיבוק גדול"", ""עם שלם""). בתחתית ההיררכיה נמצאות פעולות של ביקורת, הטחת האשמות ופילוג פנימי, המוצגות כבלתי ראויות ובלתי לגיטימיות בעת הזו. חייהם של ""הרוצחים"" המשוחררים אינם נידונים כערך, אלא כמחיר כואב שיש לשלם למען מימוש הערך העליון של הצלת חיי החטופים.","התזה המוסרית המרכזית היא שהאירוע של עסקת החטופים, על אף הרגשות המעורבים שהוא מעורר, משמש כרגע של זיקוק והוכחה לעליונותה המוסרית המהותנית של הקהילה היהודית-ישראלית על פני אויביה. ההיגיון המארגן הוא לוגיקה של ניגוד בינארי מוחלט: פעולותיה של ישראל (נכונות לקחת סיכונים גדולים להצלת חיים) נובעות מערך יסוד פנימי וקבוע (""קדושת החיים""), ובכך מאשררות את טבעה המוסרי. לעומת זאת, פעולותיהם של אויביה (רצח, שמחה על שחרור רוצחים) נובעות מערך יסוד נגדי (""קדושת המתאבדים"", שנאה), ובכך חושפות את טבעם הנחות מוסרית. האירוע אינו מוצג כהכרעה פוליטית או אסטרטגית, אלא כהתגלות של מהויות מוסריות קבועות."
אם העסקה כוללת 98 חטופים – חייבים ללכת עליה,Ethnocentric,סרוגים,"הטקסט משתמש בשפה דאונטית (שפת חובה) מובהקת: ""יש ללכת עליה"", ""על ישראל לקחת אותה"". הדיון ממוסגר כ""דיני נפשות"", ביטוי המעניק לו מעמד אובייקטיבי וחמור.","הטיעון נשען על ערכים מקודשים: קדושת החיים (""המציל נפש אחת... הציל עולם מלא"") והחובה המקודשת של המדינה להגן על אזרחיה.","הטקסט מגייס רגשות מוסריים. הוא מכיר ב""קושי"" וב""סלידה"", ומצפה לרגש ה""התלהמות"" מהקהל. הוא משתמש בביטויים טעונים רגשית כמו ""מחבלים ארורים"" ו""רוצחים שפלים"" כדי להביע גועל וזעם, ובכך להראות שהיא מבינה את המחיר הרגשי אך בוחרת בחובה המוסרית העליונה.","הטקסט מבצע עבודת-גבולות ברורה על ידי הגדרת ""רוב העם"" המבין את הצורך המוסרי בעסקה, אל מול ""קומץ ימני אידיאולוגי לחלוטין"" שמוצב מחוץ לקונצנזוס המוסרי הזה.",עמדת הכותבת לגבי עסקה כוללת מפגינה מאפיינים של שכנוע מוסרי עמוק:,"בראש ההיררכיה המוסרית של הכותבת ניצב ערך אחריות המדינה לחיי אזרחיה, ובפרט אלה שהופקרו על ידה. ערך זה מקבל קדימות מוחלטת על פני שיקולים אחרים במקרה של עסקה כוללת. תחתיו נמצאים הערכים המתנגשים: (א) ההתנגדות לשחרור ""מחבלים ארורים"" והסיכון העתידי הנשקף מהם, ו-(ב) הכאב והקושי הכרוכים בוויתורים. הכותבת מכירה בערכים אלה אך מדרגת אותם כנמוכים יותר בסדר העדיפויות המוסרי. בתחתית ההיררכיה נמצאת העמדה האידיאולוגית המתנגדת לכל עסקה, המוצגת כעמדת מיעוט.","התזה המוסרית המרכזית של הכותבת היא מותנית: אם עסקת החטופים היא עסקה כוללת להחזרת כל 98 החטופים, אזי על מדינת ישראל לקבלה, גם במחיר ויתורים ""קשים וכואבים"". ההיגיון המוסרי המארגן את התזה הזו נשען על עקרון אחריות המדינה כלפי אזרחיה. הטיעון בנוי כך: (א) המדינה והצבא הפקירו את האזרחים שנחטפו; (ב) הפקרה זו מטילה על המדינה חובה מוסרית עליונה לתקן את המעוות ולהשיבם; (ג) חובה זו גוברת על הסיכונים והקשיים הכרוכים בשחרור מחבלים, ולכן מצדיקה את העסקה הכוללת."
זו התגשמות חיה של מבחן הילד העזתי,Ethnocentric,חדרי חרדים,"השימוש בשפה דאונטולוגית מוגבל אך קיים, בעיקר במונח ""מחוייבות"". עם זאת, הכוח המוסרי של הטיעון נובע בעיקר מהצגתו כלוגיקה אובייקטיבית ובלתי נמנעת (""אם כך הוא הדבר, הרי ש...""). הקביעה שהמסגור של ""רגש מול שכל"" הוא ""לא נכון"" היא הצגה של עמדה כעובדה אובייקטיבית.","הטיעון נשען על ערכים מקודשים כמו ""חיי אדם"", סבלם של החטופים (""גהינום""), והמחויבות הקולקטיבית של ""העם"" לאזרחיו. ערכים אלו משמשים כבסיס המוסכם שממנו יוצא הדיון המורכב יותר.","הכותב מזהה רגשות עזים אצל אחרים (""מתרגשים בוכים"", ""כועסים""), אך נמנע באופן שיטתי מגיוס רגשות מוסריים כמו זעם או בוז בטיעונו. הרגש המרכזי שהוא שואף לעורר אצל הקורא הוא תחושה של אחריות מפוכחת, דאגה, ואולי אף פסימיות, הנובעת מההבנה הרציונלית של הדילמה.","עבודת הגבולות המרכזית בטקסט אינה מכוונת החוצה (כלפי חמאס), אלא פנימה. המנגנון המרכזי הוא **פירוק גבולות** (Boundary dissolution) בין המחנות הפוליטיים בישראל, ויצירת גבול חדש בין כל מי שמכיר במורכבות הטרגית לבין אלו המחזיקים בעמדות פשטניות וקיצוניות.","ניתן לאפיין את עמדת הכותב ככזו המוחזקת בדרגה **נמוכה** של שכנוע מוסרי (Moral Conviction). הטיעון אינו מוצג כאמת מוסרית אבסולוטית, אוניברסלית ובלתי ניתנת למשא ומתן. נהפוך הוא, לב הטיעון הוא ההכרה בצורך לאזן בין ערכים מתנגשים, והוא מוצג כניתוח רציונלי של השלכות. אין בו את האלמנטים של אובייקטיביות נתפסת, סמכות-עצמית בלתי תלויה, או חוסר סובלנות כלפי דעות מנוגדות המאפיינים שכנוע מוסרי גבוה.","בראש ההיררכיה המוסרית של הכותב ניצבת הדאגה ליציבות ולביטחון ארוך הטווח של מדינת ישראל (""חיים טובים ושקטים במדינת ישראל"", ""יציבות איזורית לאורך שנים""). ערך זה גובר על התועלת הנתפסת של פעולה צבאית נחרצת שמטרתה מיטוט חמאס בהווה. המחויבות לשחרור החטופים מוצגת כערך עליון ומוסכם, אך כזה שחייב להיות מאוזן מול הערך של ביטחון העתיד. בתחתית ההיררכיה נמצאת הדאגה ל""תמונת הניצחון"" של חמאס, שהכותב מתייחס אליה כאל רעש רקע שאינו מהותי לדיון האסטרטגי-מוסרי.","התזה המוסרית המרכזית של הכותב היא שכל דיון על פתרון הסכסוך, ובפרט על האסטרטגיה של מיטוט חמאס, הוא חסר תוקף מוסרי ופרקטי אם אינו מכיר במנגנון הייצור העצמי של הדור הבא של הטרור, הנובע מפעולותיה של ישראל במלחמה. ההיגיון המוסרי המארגן את המאמר הוא היגיון תוצאתני (consequentialist) ארוך-טווח, המבוסס על ""מבחן הילד העזתי"". מבחן זה משמש ככלי רטורי וכמשל הממחיש כיצד הפעולה הצבאית בהווה, גם אם היא נתפסת כמוצדקת, מייצרת באופן בלתי נמנע מציאות עתידית של שנאה ואלימות, ובכך מערערת את הבסיס המוסרי והמעשי של אסטרטגיה המבוססת על הכרעה צבאית בלבד."
"אנשי ""היום שאחרי"" הם אנשי האתמול",Ultra-Nationalism,ynet,"הטקסט משתמש בשפה דאונטולוגית ואוניברסלית. הקביעה שדרישת בכירי צה""ל ""אינה ראויה"" היא קביעת חובה. האמירה ש""אנשי האתמול תמיד טעו"" מציגה את העמדה כעובדה אובייקטיבית וכוללת, ולא כדעה.","הטיעון נשען על ערכים מקודשים כמו ""ניצחון מוחלט"" ו""תיקון עוולות ההיסטוריה"", המוצגים כטוב עליון שאינו נתון למשא ומתן.","הטקסט מגייס רגשות מוסריים של בוז ולעג כלפי ""אנשי האתמול"" (""להגחיך"", ""חיכו בחיכוך ידיים""), ובמקביל רגשות של תקווה והתלהבות כלפי העתיד החדש המוצע.","המאמר הוא פעולה מובהקת של ""עבודת-גבולות"" (Boundary-Work). הוא יוצר קטגוריה חברתית חדשה, ""אנשי האתמול"", ומשרטט סביבה גבול מוסרי ברור המפריד אותה מ""אזרחי ישראל"" הראויים.","עמדת הכותב מפגינה רמה גבוהה של שכנוע מוסרי. היא מוצגת כאמת אובייקטיבית (""אפשר לקבוע בוודאות""), אוניברסלית (""תמיד טעו""), ומצדיקה חוסר סובלנות כלפי הדעה הנגדית (הבעת שמחה על הדרת ""אנשי האתמול"" מעיצוב העתיד).","- **בראש ההיררכיה:** ""אינטואיציה בריאה"" של העם, ""הזדמנות פז היסטורית"", ""תיקון עוולות ההיסטוריה"", ""ניצחון מוחלט"", ו""יצירתיות וחדשנות"". ערכים אלו מוצגים כטוב המוחלט.","התזה המוסרית המרכזית של המאמר היא שהיאחזות בפרדיגמות ובאליטות של העבר (""אנשי האתמול"") מהווה כשל מוסרי והיסטורי, בעוד שהחובה המוסרית של ההווה היא לאמץ בברכה שינוי רדיקלי ובלתי צפוי (""שיגעון""), גם אם פרטיו אינם ידועים, כיוון שהוא מגלם את ההזדמנות היחידה לתיקון היסטורי ולניצחון מוחלט. ההיגיון המארגן הוא דיכוטומיה מוחלטת המבוססת על זמן: ""אתמול"" מייצג כישלון, קונספציה, קיבעון וטעות מוסרית מתמדת; ""מחר"" (המגולם בתוכנית טראמפ) מייצג הזדמנות, יצירתיות, תיקון וצדק היסטורי. המעבר מהאחד לשני מוצג כמעשה מוסרי הכרחי."
עסקת החטופים: בין הלב להיגיון,Ultra-Nationalism,ישראל היום,"הטקסט משתמש בשפה דאונטולוגית ואוניברסלית מובהקת. ביטויים כמו ""מדינה חייבת"", ""כך הכרחי לנהל מדינה"" וקביעות נחרצות כמו ""זו עסקה בלתי מוסרית"" מציגים את העמדה לא כהעדפה, אלא כציווי מוסרי אובייקטיבי.","הטיעון נשען על ערכים מקודשים של הביטחון הלאומי: ""שלום הציבור"", ""ביטחון הציבור כולו"", והצלת ""נפשות"" עתידיות. ערכים אלה מוצגים כעליונים ובלתי ניתנים למשא ומתן.","המאמר מנהל דיון מפורש על רגשות מוסריים. הוא מבקר את ה""אמפתיה"" כרגש מניע ומקדש את ה""חמלה הרציונלית"". הוא מגייס רגש של ""חשש"" מפני העתיד כדי לחזק את טיעונו, ובסופו של דבר מבקש לעורר בקורא תחושת אחריות קולקטיבית.","כפי שפורט, המאמר עוסק באופן אינטנסיבי בעבודת גבולות. הוא מפרק את הגבול הפוליטי המיידי (בעד/נגד העסקה) ובונה מחדש גבול מוסרי בין שתי תפיסות של רגישות ואחריות, ובכך מגדיר מחדש מי שייך לקהילה המוסרית הנושאת באחריות הלאומית.","הכותב מציג את עמדתו כאילו היא נובעת משכנוע מוסרי עמוק. הוא מציג אותה כאובייקטיבית (מבוססת על עובדות כמו עסקת שליט), אוניברסלית (כך כל מדינה צריכה לנהוג), ובלתי ניתנת לפשרה. הוא מנסה לפרק את השכנוע המוסרי של הצד השני על ידי תיוגו כ""רגשי"" ובכך כפחות לגיטימי.",המאמר מבנה היררכיה מוסרית ברורה:,"התזה המוסרית המרכזית של המאמר היא שהחלטה מדינית מוסרית, ובפרט כזו הנוגעת לביטחון לאומי, נמדדת ביכולתה לתעדף את טובת הכלל וביטחונו העתידי על פני הדחף הרגשי להצלת הפרט בהווה. עסקה שמונעת מרגש ""אמפתיה"" נקודתי במקום מ""חמלה רציונלית"" רחבה, היא בהכרח בלתי רציונלית, ועל כן, בלתי מוסרית. ההיגיון המארגן של הטיעון בנוי על סדרה של דיכוטומיות היררכיות: רציונליות על פני רגש, הכלל על פני הפרט, והעתיד על פני ההווה. המוסריות של המעשה המדיני נגזרת ישירות ממיקומו הנכון בהיררכיות אלה."
אנחנו מסתכלים מעבר לגדר לעזה ורואים: השכנים חזרו,Ethno-Republican,ynet,"הטקסט משתמש בשפה דאונטית (שפת חובה) כדי להגדיר את חובות המדינה (""צריך לדבר בגובה העיניים"", ""צריך גם לחזק"") ואת חובת הזהירות של הפרט (""אוי לנו אם נחשוב אחרת""). הוא מציג את הבחירה בקבלה כעניין של מידה טובה (""בגרות ופיכחון""), ובכך הופך אותה לקביעה אובייקטיבית על ההתנהגות הראויה.","הטיעון נשען על ערכים מקודשים כמו חיי החטופים (""הטוב שבעסקה"") וערך הקהילה (""להיות חלק ממשהו גדול הרבה יותר""), הממוקמים מעל שיקולים אחרים.","הטקסט מגייס באופן מפורש רגשות מוסריים. הוא מתאר את השמחה והאושר (""הלב מתרחב מאושר"") כתוצאה מוסרית חיובית של העסקה, ואת ה""תסכול"" כמחיר רגשי שיש לנהל באופן מודע. הדאגה של תושבי העוטף (""מדאיגה מאוד"") מוצגת כלגיטימית (""ובצדק"").","הטיעון מבצע עבודת גבולות מורכבת: הוא מפרק את הגבול הפנימי בין תומכים למתנגדים על ידי יצירת ""כולנו"" רגשי, ובמקביל מחזק את הגבול החיצוני בין הקהילה הישראלית לבין השכנים הפלסטינים, המוגדרים כ""בלתי צפויים"" ומקור לאיום.","העמדה המוצגת בטקסט מאופיינת ברמה **נמוכה** של שכנוע מוסרי (Moral Conviction). היא אינה מציגה את הנושא במונחים של אמת אובייקטיבית, אוניברסלית ובלתי ניתנת למשא ומתן. נהפוך הוא, הטיעון כולו מבוסס על הכרה ב""מורכבות"", בצורך לקבל מציאות שאינה אידיאלית, ובהכרה בלגיטימיות של ""תחושות הפוכות"" אצל ציבור אחר. היעדר האבסולוטיזם וההתנגדות לפשרות, וההכרה בקיומן של עמדות אחרות, עומדים בניגוד למאפיינים המרכזיים של שכנוע מוסרי גבוה.","בראש ההיררכיה המוסרית של הכותב ניצב הערך של השבת החטופים, המוגדר כ""הטוב שבעסקה"" ומקור לרגשות חיוביים קולקטיביים (""הלב מתרחב מאושר""). מיד אחריו, ובאותה רמת חשיבות, נמצא הערך של שיקום וחיזוק קהילות עוטף עזה והחוסן של תושביהן. בתחתית ההיררכיה נמצאים שני גורמים: ראשית, הסיכון הביטחוני הנובע מחזרת הפלסטינים, שממוסגר כמחיר כואב אך הכרחי שיש לקבלו. שנית, ""חלום ההתיישבות היהודית המחודשת"" בעזה, המוצג במפורש כרעיון ש""נמוג... לעת עתה"", ובכך נדחק לסוף סדר העדיפויות.","התזה המוסרית המרכזית של הטקסט גורסת כי לנוכח המציאות החדשה והבלתי נמנעת שנוצרה בעקבות עסקת החטופים, התגובה המוסרית הראויה אינה התנגדות או ייאוש, אלא קבלה מפוכחת ומודעת של המחירים הכרוכים בה. ההיגיון המארגן של הטיעון הוא פרגמטי-פסיכולוגי: מכיוון שהמציאות (""סיום המלחמה והשבת החטופים"") כופה מחירים ביטחוניים קשים, ומכיוון שאין ברירה אלא לקבלם (""לקבל זאת בהכנעה""), החובה המוסרית מוסטת מהמאבק במציאות החיצונית אל ניהול התגובה הפנימית. ההיגיון קובע כי הבחירה המוסרית היא להיאחז באופן אקטיבי בטוב שהושג (שובם של החטופים) ולדחוק את התסכול הצידה, פעולה הממוסגרת כמעשה של ""בגרות ופיכחון"" ו""החלטה אישית"". מתוך קבלה זו, המיקוד המוסרי עובר מהזירה העזתית אל הזירה הישראלית: בניית חוסן אישי ושיקום הקהילות בעוטף עזה."
"ידיו הארוכות, מוחו הקטן",Ultra-Nationalism,ערוץ 7,"הכותב משתמש בשפה דאונטולוגית של חובה וציווי. הוא קובע כי מול ההונאה התקשורתית ""אסור לשתוק"". הוא מציג את הוראות הפתיחה באש כ""לא מוסריות"" באופן קטגורי. הוא מציג את הדילמה במונחים אובייקטיביים (""זה לא הסיפור"") ולא כהעדפה אישית.","הטיעון נשען על ערכים מקודשים: קדושת חיי הכלל (""דם רב""), נצחיות העם (""בני ישראל ממשיכים בדרך לגאולתם""), והצורך בהרתעה ובניצחון כמפתח לקיום. ערכים אלה מוצגים כבלתי ניתנים למשא ומתן.","הטקסט מגייס רגשות מוסריים באופן מורכב. הוא מבקר בחריפות את הרגשות ה""לא נכונים"" של הציבור (שמחה, התרגשות, תקווה כוזבת) ומתאר אותם כתוצר של מניפולציה. במקומם, הוא מציג את הרגשות ה""נכונים"" והאותנטיים: דכדוך, כאב, וזעקה. הוא משתמש ברגש הייאוש (""ממש מייאש"") כדי להדגיש את חומרת המצב המוסרי.","המאמר מבצע עבודת-גבולות אינטנסיבית. הוא יוצר גבול חד בין ""הקהילה המוסרית"" של ""מאהל הגבורה"", הניחנת בראייה מפוכחת ואמונה, לבין שאר החברה, השבויה ב""אשליה"" רגשית. הגבול אינו פוליטי פשוט (ימין/שמאל), אלא מוסרי-אפיסטמולוגי (אמת/אשליה).",עמדת הכותב מפגינה את כל המאפיינים של שכנוע מוסרי עמוק.,1. **בראש ההיררכיה:** נצחיות עם ישראל וההבטחה האלוהית לקיומו. ערך זה מוצג כבלתי תלוי באירועים קונקרטיים או במנהיגים.,"התזה המוסרית המרכזית של הכותב היא שעסקת החטופים מהווה כשל מוסרי, שכן היא מקריבה את ביטחונו וחייו של הכלל בעתיד למען הצלת חייהם של פרטים מעטים בהווה. ההיגיון המארגן את הטיעון הוא היררכיה ברורה שבה חובת המדינה להבטיח את קיומו המתמשך של העם (""ניצחון"") גוברת על החובה המיידית לשחרר כל חטוף ""בכל מחיר"". הטיעון בנוי על קונפליקט בין ראייה רציונלית, היסטורית וארוכת-טווח, אותה הכותב מייצג, לבין ראייה רגשית, קצרת-טווח ומוסחת, אותה הוא מייחס לרוב הציבור, לתקשורת ולמקבלי ההחלטות."
ארגון טרור יכול להפוך לשותף מדיני. טראמפ כבר יצר את התקדים,Critical,הארץ,"הכותב משתמש בשפה של קביעת עובדות נחרצות כדי לתאר את קריסת הפרדיגמות של יריביו (""כולן קרסו""). בכך הוא הופך את עמדתו הפרגמטית למעין חובה הנובעת מהמציאות האובייקטיבית. השימוש במונחים כמו ""פרדוקסלי"" ו""אלסטיות מפוארת"" נועד להעניק לעמדה ממד של תובנה עמוקה יותר, מעבר לניתוח פוליטי שטחי.","הטיעון מקדש ערכים של **רציונליות, פרגמטיזם ואחריות מדינית**. ערכים אלו מוצגים כעליונים על פני ערכים של **עקביות אידיאולוגית ודבקות עקרונית**, המוצגים כערכים נחותים ואף מזיקים בהקשר של ניהול מדינה.","המאמר נמנע באופן שיטתי מגיוס רגשות מוסריים. הטון הוא קליני, אנליטי ומרוחק. היעדר הרגש הוא בעצמו מנגנון רטורי, שמטרתו למצב את הטיעון כטיעון רציונלי, אובייקטיבי ו""קר"", בניגוד לעמדות ""חמות"" ומוסריות-רגשיות של הצד שכנגד.","הטיעון מבצע עבודת-גבולות ברורה. הוא יוצר קהילה של ""מביני עניין"" ו""ריאליסטים"" (הכותב, מנהיגי ארה""ב, סעודיה, טורקיה) ומציב מולם קבוצה של ""אידיאולוגים"" ו""הוזים"" (הצד הפנימי-ימני בישראל). הגבול אינו אתני או לאומי, אלא קוגניטיבי-מוסרי: בין מי שמבין את כללי המשחק האמיתיים לבין מי שעדיין משחק לפי ספר חוקים ישן ולא רלוונטי.","הכותב פועל כנגד עמדה המוחזקת ב""שכנוע מוסרי"". העמדה לפיה ""אין מנהלים מו""מ עם טרוריסטים"" היא דוגמה לעמדה הנתפסת כאמת אובייקטיבית ואוניברסלית. המאמר כולו הוא מאמץ לפרק את השכנוע הזה על ידי הצגת דוגמאות נגדיות המראות שהעיקרון אינו אוניברסלי ואינו אובייקטיבי בפועל.","הכותב מציב את **הפרגמטיזם המדיני והשגת תוצאות אסטרטגיות ארוכות טווח** בראש ההיררכיה המוסרית. תחת ערך זה נמצאים ערכים כמו יציבות אזורית, נורמליזציה והסדר מדיני. בתחתית ההיררכיה נדחקים **עקרונות אידיאולוגיים אבסולוטיים וטוהר מוסרי**, המוצגים כנאיביים, לא מציאותיים וכאלה שכבר קרסו במבחן המציאות. האחריות להשגת התוצאה המדינית הטובה ביותר גוברת על החובה להימנע מלגיטימציה של ארגוני טרור. **הפרגמטיזם המדיני והשגת תוצאות אסטרטגיות ארוכות טווח** בראש ההיררכיה המוסרית.","התזה המוסרית המרכזית של הכותב היא שעמידה על עקרונות נוקשים ו""אלמותיים"", כגון הסירוב לנהל משא ומתן עם טרוריסטים, מהווה כישלון מוסרי-פרגמטי. המוסריות הנעלה, על פי הטיעון, אינה דבקות אידיאולוגית טהורה, אלא נכונות לפעול באופן מציאותי ואפקטיבי להשגת התוצאה המדינית הטובה ביותר האפשרית, גם במחיר של פגיעה בעקרונות אלו. ההיגיון המארגן של המאמר הוא היגיון של ריאל-פוליטיק, המבוסס על אנלוגיה היסטורית. הכותב מציג סדרת דוגמאות היסטוריות (ארה""ב-טאליבן, סעודיה-חות'ים, טורקיה-פק""ק) כדי לנרמל את המהלך של ניהול משא ומתן עם ארגוני טרור, ובכך להפוך אותו מפעולה חריגה ופסולה מוסרית לפעולה סטנדרטית והכרחית במארג היחסים הבינלאומיים."
"הביזוי של נשים פלסטיניות בידי חיילינו עוד יצוץ בבית, בעבודה ובדייט הבא",Critical,הארץ,"הטקסט משתמש בשפה דאונטולוגית ואוניברסלית. הוא מגדיר את המעשים באופן אובייקטיבי כ""פשעי מלחמה"" ו""אלימות מגדרית"", ולא כהעדפה אישית. הביטוי ""אינה חברה טובה לנשים"" הוא קביעה מוסרית על טיבה של החברה.","הטיעון נשען על ערכים מקודשים כמו ""כבוד"", ""אנושיות"", והזכות לפרטיות ואינטימיות (""בזירות האינטימיות ביותר""). ערכים אלה מוצגים כבלתי ניתנים למשא ומתן.","המאמר מגייס רגשות מוסריים באופן מובהק. הוא משתמש בביטויים כמו ""מראות מחליאים"" כדי לעורר גועל, ומתאר את התנהגות החיילים כ""לעג"" ו""ביזוי"" כדי לעורר זעם מוסרי. ההאשמה ב""צביעות"" נועדה לעורר בוז כלפי היריב הפנימי.","המאמר עוסק באופן ישיר ב""עבודת גבולות"". הוא מנתח כיצד החיילים משתמשים במעשיהם כדי לסמן גבול היררכי בין ישראלים (שולטים) לפלסטינים (נשלטים, אובייקטים). במקביל, הוא תוקף את הגבול המוסרי הסלקטיבי של ארגוני הנשים ומנסה לכונן גבול מוסרי אוניברסלי נגד אלימות מגדרית.","הכותבת מבטאת שכנוע מוסרי גבוה. עמדתה מוצגת כאמת אובייקטיבית ואוניברסלית (""מבזים נשים פלסטיניות ונשים בכלל""). היא מפגינה חוסר סובלנות כלפי עמדות מנוגדות (המסגור כ""מעשי משובה"") ומסרבת לפשרה. הטיעון התוצאתני על הפגיעה העתידית בחברה הישראלית מחזק את תחושת המנדט המוסרי והדחיפות לפעולה.","בראש ההיררכיה המוסרית של הכותבת ניצבת החובה האוניברסלית להגן על כבוד האדם ועל צלם האנוש, ובפרט על כבודן של נשים, ללא קשר ללאום. עיקרון זה גובר על נאמנות לאומית או סולידריות קבוצתית צרה. אחריותה המוסרית של החברה הישראלית על מעשי חייליה נמצאת גם היא בדרגה גבוהה. בתחתית ההיררכיה נמצאת הלגיטימציה הניתנת למעשים אלו תחת המסגור של ""מעשי משובה"" או התעלמות מהם מתוך שיקולי ""מורל"" או סולידריות לאומית.","התזה המוסרית המרכזית של המאמר היא שהשימוש המשפיל של חיילים ישראלים בהלבשה תחתונה של נשים פלסטיניות אינו מעשה קונדס שולי, אלא פשע מלחמה המהווה אלימות מגדרית שיטתית. ההיגיון המוסרי המארגן את הטיעון הוא לוגיקה של הסלמה והשלכה: המעשה נטען להיות נשק טקטי של דה-הומניזציה המיועד להשפיל את האויב, והכותבת טוענת כי פרקטיקה זו מחלחלת גיאוגרפית (מעזה לגדה) ובסופו של דבר תחלחל חברתית ותפגע בחברה הישראלית עצמה, ובפרט בנשים ישראליות."
"חמאס כל כך ""לא-פרטנר"" שישראל לא מפסיקה לדבר איתו. הכל לשם הנצחת הסכסוך",Critical,הארץ,"הכותב משתמש בשפה דאונטית וקובעת עובדות מוסריות. ביטויים כמו ""שקר גס"" ושימוש במטאפורה בעלת מטען מוסרי כבד (""הורג את אביו בשביל לזכות בתואר 'יתום'"") מעבירים את הדיון מהפוליטי למוסרי.","הטיעון נשען על ערכים מקודשים של אמת, יושרה ושלום, ומציג את הפרתם כחטא מוסרי. הוא מגנה את הנצחת הסכסוך שגובה מחיר של ""נהרות של דם"".","הטקסט מכוון לעורר רגשות מוסריים של כעס ובוז כלפי הציניות והצביעות של הממשלה, ותחושת דחיפות ואמפתיה כלפי הקורבנות של מדיניות זו.","המאמר עוסק באופן אינטנסיבי בעבודת-גבולות. הוא חושף כיצד הממשלה יוצרת גבולות שקריים (""פרטנר"" / ""לא-פרטנר"") כדי לשרת את מטרותיה, ומציע מנגד גבול חלופי בין פועלי השלום למנציחי הסכסוך.","עמדת הכותב עצמו מובעת בדרגה גבוהה של שכנוע מוסרי. הוא מציג את מסקנותיו כאמת אובייקטיבית וחד-משמעית (""המסקנה ברורה"", ""אמירה חדה""), שאינה ניתנת למשא ומתן. הוא מפגין חוסר סובלנות כלפי הנרטיב הנגדי, אותו הוא פוסל כ""שקר גס"" ו""דמעות תנין"", ומייחס לו מניעים פסולים.","- **בראש סדר העדיפויות:** האמת, עקביות בין הצהרות למעשים, חתירה לפתרון מדיני, ואחדות פלסטינית. ערכים אלו מוצגים כטוב המוסרי העליון.","התזה המוסרית המרכזית של הכותב היא שממשלת ישראל, בהובלת נתניהו, פועלת באופן ציני ומחושב כדי להנציח את הסכסוך הישראלי-פלסטיני. ההיגיון המארגן של הטיעון הוא חשיפתה של אסטרטגיה מכוונת, שבה הממשלה מחזקת את חמאס באופן אקטיבי כדי שתוכל להשתמש בקיומו כהצדקה מוסרית ופוליטית להימנעות מכל משא ומתן על פתרון מדיני. המהלך מוצג כמעשה של רמייה מוסרית עמוקה: ישראל יוצרת במו ידיה את המציאות של ""אין פרטנר"", ולאחר מכן מתאבלת על היעדרו ב""דמעות תנין"". המטאפורה של מי שהורג את אביו כדי לזכות בתואר ""יתום"" משמשת כליבה המוסרית של הטיעון, ומאשימה את הממשלה בביצוע פשע מוסרי של גרימת המצב שהיא עצמה מתלוננת עליו."
האדונים מתרעמים. הילידים לא מתנהגים יפה,Critical,הארץ,"הכותב משתמש בשפה דאונטולוגית ואוניברסלית כדי לבסס את טענתו. קביעתו ""אין ולא יכולה להיות גזירה שווה בין העם המדכא לעם המדוכא"" מנוסחת כחוק מוסרי אובייקטיבי. הוא גם משתמש בשפה המייחסת אובייקטיביות לעמדה הנגדית באופן סרקסטי (""הנאורים, הצודקים, המוסריים""), כדי להצביע על כך שהם תופסים את עמדתם כעובדה מוסרית.","הטיעון נשען על ערכים מקודשים של צדק, שחרור וזכויות אדם, ובפרט על הערך האנטי-קולוניאליסטי. הוא מבקר את הצד השני על היאחזותו בערכים של עליונות ושליטה.","המאמר מגייס רגשות מוסריים. הוא מייחס **כעס (Anger)** וזעם ל""מתפכחים"", ומפרש אותו כרגש של אדון ששליטתו מאוימת. הטון של הכותב עצמו משדר **בוז (Contempt)** כלפי העמדה אותה הוא מבקר, ומציג אותה כנחותה אינטלקטואלית ומוסרית.","הטיעון מבצע ""עבודת-גבולות"" (Boundary-Work) באופן מובהק. הוא יוצר גבול מוסרי חד בין מי שמכיר במציאות הקולוניאלית (העמדה המוסרית הנכונה, לשיטתו) לבין הרוב המכריע של החברה היהודית-ישראלית, שמוגדר כמי שנמצא מחוץ לגבול זה.","הכותב מתאר את עמדתם של ה""מתפכחים"" ככזו המוחזקת ב""שכנוע מוסרי"" עמוק. הוא מייחס להם תפיסה של אובייקטיביות ואוניברסליות (""הם רוצחים ברברים אכזריים מלידתם... מעצם קיומם ומהותם""), אי-סובלנות קיצונית כלפי האחר (""יש להעביר את כולם... או מן העולם""), והתמקדות בתוצאה (הכנעת הפלסטינים) על פני תהליך.","בראש ההיררכיה המוסרית של הכותב ניצב מעמדו של ""העם המדוכא"" והזכות להתנגד לדיכוי. תחתיו נמצאים עקרונות אוניברסליים של צדק היסטורי ואנטי-קולוניאליזם. בתחתית ההיררכיה נמצאות התחושות, הרצונות והתביעות המוסריות של ""העם המדכא"", אותן הוא ממסגר ככעס של אדון מתוסכל ולא כסבל לגיטימי. המוסר נשפט על פי מיקום הצדדים במבנה הכוח הקולוניאלי, ולא על פי מעשים פרטניים במנותק מהקשר זה.","התזה המוסרית המרכזית של הכותב היא שה""התפכחות"" וההקצנה ימינה בחברה היהודית-ישראלית, שנגרמו לכאורה בעקבות עסקת החטופים, אינן תגובה מוסרית אותנטית אלא כישלון מוסרי. היגיון זה נובע מהצטרפות פחדנית ל""דעה הרווחת"" הקולוניאליסטית, כתגובה לתסכול על כישלון ""הניצחון המוחלט"" על הפלסטינים. ההיגיון המארגן של המאמר הוא היסטורי-מבני: הוא טוען כי לא ניתן להבין את הרגע הנוכחי ואת התגובות המוסריות בו במנותק ממבנה היסוד של הסכסוך, אותו הוא מגדיר כפרויקט קולוניאליסטי בן 150 שנה של עם מדכא (היהודים) כנגד עם מדוכא (הפלסטינים). לפיכך, כל שיפוט מוסרי שמתעלם ממבנה זה הוא פסול."
יאיר אנסבכר מסביר: כוונתי היתה אך ורק לשם שמים,Ethno-Religious,ערוץ 7,"הטקסט משתמש בשפה דאונטולוגית ואוניברסלית. השאלות הרטוריות (""האם בעבור זה..."") אינן שואלות לדעתו של הקורא, אלא קובעות חובה שהופרה. השימוש במונחים כמו ""אסון נורא"" ו""שפל חסר תקדים"" מציג את המצב כעובדה מוסרית אובייקטיבית, לא כהעדפה אישית.","הטיעון נשען באופן מובהק על ערכים מקודשים: ""דם בחורי ישראל"", ""מסירות נפש"", קדושת הכותל המערבי, והאחדות המיסטית של ""אומתנו המגוונת"". ערכים אלו מוצגים כבלתי ניתנים למשא ומתן, והעסקה מוצגת כחילולם.","הטקסט מגייס רגשות מוסריים עזים. הכאב האישי (""לבי נשבר בקרבי"") משמש כעדות לשבר המוסרי הקולקטיבי. תחושת החובה והייאוש (""מה בכלל אפשר לעשות???"") מניעה את הפעולה. המעשה עצמו נועד לעורר רגשות של חיזוק, תקווה וגבורה (""להפיח בעמנו רוח אמונה קוממיות וגבורה"").","המאמר מבצע עבודת גבולות כפולה. הוא משרטט גבול חד בין הממשלה (שנכנעה) לבין רוח העם (שנדרש להתחזק). במקביל, הוא פועל למחוק גבולות פנימיים בתוך העם באמצעות סמל 12 השבטים, במטרה לאחד את הקהילה המוסרית מול השבר.","עמדת הכותב מדגימה רמה גבוהה של שכנוע מוסרי. - *Perceived Objectivity and Universality:* העסקה אינה מוצגת כטעות, אלא כ""אסון נורא"" ו""שפל"", קביעות המוצגות כעובדות מוסריות אובייקטיביות. - *Motivational Force:* התחושה ""אין ביכולתי לעמוד מנגד"" היא ביטוי קלאסי למנדט מוסרי פנימי המחייב פעולה. - *Authority and Peer Independence:* הכותב דוחה לחלוטין את סמכות הממשלה בנושא זה, ופונה לסמכות גבוהה יותר (האל). הוא פועל לבדו, מתוך שכנוע פנימי עמוק שאינו תלוי באישור חיצוני.","בראש ההיררכיה המוסרית של הכותב ניצבים ערכים ותmiot;ויות טרנסצנדנטיים: האמונה באל, נצח ישראל, קדושת הקורבן (""מסירות נפש"", ""דם בחורי ישראל""), והאחדות הרוחנית של עם ישראל (""12 שבטי ישראל""). מתחתם נמצאים המאמץ והסבל הלאומי. בתחתית ההיררכיה נמצאות החלטות הממשלה, ההיגיון הארצי (""דרך הטבע""), והאויב, ששמחתו (""הילולת השמחה"") מוצגת כעדות לשפל המוסרי של המצב. ההיררכיה מציבה את האמונה והפעולה הרוחנית כסמכות עליונה, הדוחה את הלגיטימיות של הסמכות הפוליטית והמציאות ה""נורמלית"".","התזה המוסרית המרכזית של המאמר היא שעסקת החטופים אינה כישלון מדיני או אסטרטגי, אלא מהווה קריסה מוסרית ורוחנית מוחלטת, המבטאת ""שבר ערכי, מנהיגותי ומוסרי"". היא מוגדרת כ""כניעה לאויב השפל"" וכבגידה במאמץ הלאומי ובקורבנות שהוקרבו. ההיגיון המארגן של הטיעון הוא תיאולוגי: הוא מציב את המציאות הפוליטית הנוכחית, הנתפסת כ""אסון נורא ושפל חסר תקדים"", בתוך מסגרת-על דתית ומשיחית. לפי היגיון זה, השבר הנוכחי הוא התגשמות נבואית של קושי אמוני קיצוני (""לטפס על קיר חלק"") שקודם לגאולה. כיוון שהבעיה מוגדרת כמשבר רוחני, הפתרון המוצע אינו פוליטי או צבאי, אלא פעולה סמלית-דתית של ""מסירות נפש"" אישית, שנועדה לעורר מחדש את הרוח הלאומית ולפנות ישירות לסמכות אלוהית (""אבינו שבשמים"") כדי להביא גאולה."
משפטיך שיוויתי,Ethno-Religious,ערוץ 7,"הטקסט משתמש בשפה של בחירה מוסרית (""דרך אמונה בחרתי"") וחובה דאונטולוגית (""משפטיך שיוויתי""). הדיון על שמירת השבת של מירב מנוסח במונחים הלכתיים של ""מותר"" ו""אסור"", שפה של ציווי חיצוני אובייקטיבי.","הטיעון נסמך כולו על ערכים מקודשים: ""אמונה"", ""קדושת השבת"", ""טהרת המשפחה"", ""לימוד תורה"", ""מסירות נפש"". ערכים אלה מוצגים כבלתי ניתנים למשא ומתן.","הטקסט מגייס רגשות מוסריים מורכבים. הוא מעורר **אמפתיה** לסבלן של המשפחות, **הערצה (Awe/Elevation)** למסירות הנפש של אגם ומירב, ותחושת התעלות מהסולידריות הקהילתית (""ריקודים שאין דרך לתאר במילים""). במקביל, הוא מייצר תחושת **אכזבה או בוז מתון** כלפי התקשורת השטחית.","כפי שפורט לעיל, המאמר עוסק באופן אינטנסיבי ב""עבודת גבולות"" (Boundary-Work). הוא יוצר **גבול מוסרי (Moral Boundary)** ברור בין התגובה האמונית-פנימית (המוצגת כנעלה) לבין התגובה הפוליטית-חיצונית (המוצגת כנחותה).","עמדתן של אגם ומירב, כפי שהיא מתוארת, מדגימה ""שכנוע מוסרי"" (Moral Conviction) חזק.","הכותב מבנה היררכיה מוסרית ברורה של תגובות למשבר: - **בראש ההיררכיה:** ""מתווה 'דרך אמונה בחרתי' השלם"" – בחירה מודעת באמונה המתורגמת למחויבות מעשית למצוות (""משפטיך שיוויתי""), תוך הקרבה אישית. אגם ומירב ברגר מוצגות כמייצגות אידיאל זה. - **במרכז:** חיבור סנטימנטלי למסורת (""סנטימנט יהודי חביב ולא מחייב"") וכן השתתפות המונית במיזמי תפילה וחיזוק. הכותב רואה זאת כדבר ""מרגש מאוד ולא מובן מאליו"", אך כשלב לא שלם בדרך למחויבות המלאה. - **בתחתית:** ""הקו הזה, של 'אתה הראש, אתה אשם'"". תגובה זו ממוסגרת כפוליטית, קולנית, מאשימה, וכזו שמקבלת חשיפת יתר לא מוצדקת בתקשורת.","התזה המוסרית המרכזית של המאמר היא שהתגובה המוסרית הראויה, האותנטית והעליונה למשבר החטיפה אינה התגובה הפוליטית-האשמתית, אלא תגובה של ""מסירות נפש"" המתבטאת בבחירה אקטיבית באמונה דתית ובקיום מצוות מעשיות. ההיגיון המארגן של המאמר הוא נרטיבי-השוואתי: הוא בונה את עליונותה של ""דרך האמונה"" באמצעות סיפור אישי וקהילתי, ומציג אותה כעמוקה ואמיתית יותר מהאלטרנטיבה הפוליטית, שאותה הוא ממסגר כשטחית וקולנית, וככזו המקבלת סיקור תקשורתי בלתי פרופורציונלי. המאמר מפתח את התזה באופן הדרגתי, החל מבחירה רגשית באמונה (""דרך אמונה בחרתי"") ועד לשיאה במחויבות הלכתית-מעשית (""משפטיך שיוויתי""), המוצגת כביטוי השלם והמחייב של דרך זו."
מה יש לומר בעת חזרת חטופים ואל מול שחרור מחבלים?,Ethno-Religious,ערוץ 7,"הטקסט משתמש באופן עקבי בשפה דאונטית של חובה וציווי (""יש לברך"", ""ראוי לומר"", ""אין הדבר מונע""). הוא מציג את ההנחיות לא כהעדפה אישית אלא כפסיקה אובייקטיבית המבוססת על מקורות סמכות.","הטיעון נשען על ערכים מקודשים: קדושת החיים (השמחה על שחרור החטופים), והחובה הדתית לציית לציווי האל ולברך אותו (המעשה הליטורגי עצמו).","המאמר עוסק באופן ישיר בניהול רגשות מוסריים. הוא מכיר ב`שמחה` וב`צער` (`דאגה`), ומכווין אותם לתגובה מוסרית-רגשית של `הודאה` (`הודאה עצומה לה' יתברך`). הוא מציע דרך להתמודד עם הרגשות הסותרים באמצעות פעולה טקסית.","המאמר מבצע ""עבודת-גבולות"" (Boundary-Work) על ידי הגדרת הפרקטיקה הריטואלית הראויה. הוא משרטט גבול בין התגובה ההלכתית הנכונה (הפרדה וברכה) לבין תגובות אחרות, פחות מוגדרות, הנחשבות משתמעות כלא-ראויות (כגון שתיקה או ערבוב).","העמדה המוצגת במאמר מפגינה רמה גבוהה של ""שכנוע מוסרי"".","המאמר מבנה היררככיה מוסרית-פרוצדורלית ברורה. הוא אינו דוחה את התגובה הרגשית של צער, אלא מכיר בה ומקצה לה תגובה טקסית מוגדרת (""ראוי לומר 'ברוך דיין האמת'""). עם זאת, באמצעות התקדים ההלכתי של הירושה והסתמכות על פסיקת הרשב""א (""אמנם אין להתעלם מהרע, אבל אם זכה בירושה – צריך לברך שהחיינו על הטוב שקיבל""), המאמר קובע עדיפות פרוצדורלית לחובת הברכה על הטוב. הלוגיקה המוצגת היא של הפרדה וקדימות: קיומו של ""הרע"" אינו מבטל או דוחה את החובה המרכזית לברך על ""הטוב"". בכך, האפשרות שצער על שחרור המחבלים ימנע את קיום מצוות הברכה על שחרור החטופים הופכת לבלתי רלוונטית מבחינה הלכתית. המבנה הלוגי של המאמר מנטרל את הקונפליקט הפוטנציאלי על ידי מתן פתרון היררכי.","התזה המוסרית המרכזית של המאמר היא כי קיימת חובה דתית-הלכתית להגיב באופן אקטיבי ומובחן לשני פנים של מציאות מורכבת: יש לברך ולהודות על הטוב (שחרור החטופים) במקביל להכרה והתאבלות על הרע (שחרור מחבלים). ההיגיון המארגן של המאמר הוא לוגיקה הלכתית-משפטית, הבוחנת את המצב הנוכחי דרך קטגוריות, תקדימים ועקרונות מהמשפט העברי (הלכה). ההיגיון אינו פוליטי או פסיכולוגי, אלא פרוצדורלי-טקסי: הוא מפרק את האירוע המורכב למרכיביו, משייך לכל מרכיב תגובה ליטורגית הולמת, ובכך מציע מסגרת מוסרית המאפשרת להכיל את הסתירה הרגשית והערכית."
אסון לאומי או הצלת חיים? 5 מחשבות על עסקת השבויים,Ethno-Religious,סרוגים,"הכותב משתמש בשפה דאונטית וקובע חובות (""אנחנו עובדים אצל ריבונו של עולם""). הוא מציג קביעות אוניברסליות על טבעו של מאבק הטוב ברשע (""הטוב תמיד מנצח"").","הטיעון נשען באופן מובהק על ערכים מקודשים: ""דם יהודי"", ""ערבות הדדית"", ""מסירות נפש"", ""עם ישראל"".","הטקסט מנהל באופן אקטיבי רגשות מוסריים. הוא מכיר ב""כאב"", ""תסכול"" ו""זעם"" של הנמען, ומנסה להמיר אותם בתקווה, גאווה ונחמה, תוך גיוס רגש ה""רחמים"" (""לב יהודי רחום"") כהסבר לפעולה.","הטקסט עוסק באופן אינטנסיבי בעבודת-גבולות, אך באופן ייחודי, מטרתו היא למנוע היווצרות גבול פנימי בתוך הקהילה המוסרית הישראלית-יהודית, תוך חידוד הגבול החיצוני המוחלט מול ה""רשע"".","הכותב מציג את עמדתו כבעלת תוקף של שכנוע מוסרי עמוק. היא מוצגת כאמת אובייקטיבית ואוניברסלית (""הטוב תמיד מנצח""). היא נחווית כחובה מוסרית (להמשיך להאמין ולפעול). והיא מנותקת מסמכות ארצית (ההצדקה אינה תלויה בממשלה אלא באל ובהיסטוריה), מה שמדגים את מאפיין העצמאות מסמכות.","- **בראש ההיררכיה:** הרצון האלוהי וההבטחה האלוהית, ונצח ישראל. אלה הם עקרונות אבסולוטיים ובלתי ניתנים לערעור.","התזה המוסרית המרכזית של המאמר היא שכאב, קורבן ותסכול בהווה אינם מהווים עדות לכישלון מוסרי או אסטרטגי, אלא הם שלבים הכרחיים ובעלי משמעות בתוך נרטיב היסטורי-תיאולוגי רחב, המבטיח ניצחון מוחלט וגאולה לאומית בעתיד. ההיגיון המארגן הוא טלאולוגי: הוא מפרש את כל אירועי ההווה (העסקה, הקורבנות) לאור נקודת סיום עתידית וודאית, אשר נקבעה מראש על ידי ישות אלוהית והוכחה על ידי דפוסים היסטוריים. ההיגיון פועל באמצעות תהליך מתמיד של ""שינוי מסגור"" (reframing), הלוקח רגשות ואירועים שליליים וממקם אותם מחדש כמבטאים ערך מוסרי חיובי או כחלק מהתקדמות בלתי נמנעת אל הטוב."
די לרצח חיילינו,Ethno-Religious,סרוגים,"הטקסט משתמש בשפה של חובה וציווי מוחלט. הוא קובע עובדות מוסריות אובייקטיביות (""לא תהיה מחילה עולמית"", ""מלחמה איננה שיחת סלון""), ומציג את עמדתו לא כהעדפה אלא כתיאור של המציאות המוסרית היחידה האפשרית (""רק מה שהקב""ה קרא... היא השפה המובנת כאן"").","הטיעון נסמך באופן מוחלט על ערכים מקודשים שאינם ניתנים למשא ומתן: חיילי צה""ל כ""קדושים"" ו""קדושי עליון"", ""שטחי מולדת"", וההקרבה העצמית (""מסרו את נפשם בצורה עילאית""). ערכים אלה מוצגים כעליונים על כל שיקול אחר.","הטקסט מגייס ומבטא רגשות מוסריים עזים. יש בו **זעם (Rage)** ו**בוז (Contempt)** כלפי ההנהגה (""מטורפים"", ""כסילים""), **גועל (Disgust)** כלפי המוסר הזר (""רקבון קרן-ווקסנרי""), ו**צער/אבל (Grief)** על החיילים הנופלים. רגשות אלה משמשים לאשרור חומרת הפשע המוסרי של ההנהגה.","תפקידו המרכזי של הטקסט הוא עבודת-גבולות אגרסיבית. הוא משרטט גבול חד בין הקהילה המוסרית האמיתית (החיילים, הרבנים, העם) לבין ההנהגה הבוגדת, ובכך מגדיר את האחרונה כנמצאת מחוץ לקולקטיב הלאומי הראוי.",עמדת הכותב מפגינה את כל המאפיינים של שכנוע מוסרי עמוק:,"- **בראש סדר העדיפויות המוסרי:** 1. **קדושת חייהם וקורבנם של חיילי צה""ל:** הם מתוארים כ""קדושים"", ""קדושי עליון"", וקורבנם הוא הערך העליון שההנהגה מחללת. 2. **שלמות המולדת והזכויות הטריטוריאליות של ""עמנו"":** מסירת ""שטחי מולדת"" נתפסת כבגידה בערכים היסטוריים ולאומיים. 3. **הציווי האלוהי לניצחון מוחלט:** המוסר העליון נובע ממקור אלוהי (""מה שהקב""ה קרא"") ומחייב הכרעה אלימה של האויב. - **בתחתית סדר העדיפויות המוסרי:** 1. **חיי האויב:** האויב מוגדר כ""חיות טרף"" שאינם ""בני אנוש"", ולכן חייהם נעדרים ערך מוסרי. 2. **חיי ""הבלתי מעורבים"" בעזה:** מושג זה מוצג כמזבח שקרי של ""המוסר הנוצרי"", שעליו מוקרבים חיילי צה""ל לשווא. 3. **סבל החטופים:** הנושא מוזכר רק בהקשר של לחץ פוליטי על ראש הממשלה, ולא כשיקול מוסרי עצמאי ומרכזי המצדיק את העסקה. ערך חייהם נדחק למול ערך קורבן החיילים והניצחון הלאומי. 4. **החוק הבינלאומי והנורמות הדיפלומטיות:** אלה נתפסים כלא רלוונטיים למציאות המזרח התיכון (""שיחת סלון אירופאי"").","התזה המוסרית המרכזית של המאמר היא שההנהגה הצבאית והמדינית של ישראל מבצעת פשע מוסרי כפול ומתמשך: היא מפקירה את חיילי צה""ל למוות באמצעות שיטת לחימה פחדנית ובלתי מוסרית, ובמקביל היא עומדת לרמוס את קורבנם באמצעות הסכם כניעה מפלצתי. ההיגיון המוסרי המארגן את הטקסט הוא קונפליקט חד בין שתי מערכות מוסר: ""מוסר אמת"" המבוסס על קדושת החיילים, קדושת המולדת ומחויבות אלוהית לניצחון מוחלט, לבין ""פסידו-מוסר"" של ההנהגה, אשר נתפס כמושחת, מיובא, פחדני ובוגדני. ההיגיון הפנימי של הטיעון קובע כי ה""קונספציה"" הכושלת של ה-7 באוקטובר אינה טעות עבר, אלא חטא מוסרי מתמשך המתבטא כעת בניהול המלחמה ובעסקה הנרקמת, ומחייב דחייה מוחלטת של ההנהגה האחראית לו."
חייבים להחזיר את השכל לשיח הציבורי,Ethno-Religious,חדרי חרדים,"הכותב נשען על שפת חובה וציווי. הוא מבסס את טיעונו על האמירה הדאונטולוגית ""מוח שליט על הלב"" מספר התניא, המנוסחת ככלל אוניברסלי. הוא משתמש בביטויים כמו ""חייבים ללכת על עסקה"" (בציניות) כדי לאפיין את עמדת מתנגדיו, ומציב מולה את החובה המוסרית שלו – לפעול מהשכל.","הטיעון נסוב סביב הערך המקודש של ""חיי אדם"". אולם, הכותב מבצע מהלך של הרחבת הערך הזה: הוא טוען שהקדושה חלה לא רק על חיי החטופים הנוכחיים, אלא גם על חייהם של קורבנות עתידיים, אנונימיים. בכך הוא מערער על המונופול של הקמפיין על הערך ""קדושת החיים"".","המאמר עוסק באופן ישיר ברגשות מוסריים. הוא מנתח את השימוש של הצד השני ברגשות כמו אהבה וחמלה ככלי לשליטה בשיח, ומציג זאת כמניפולציה. במקביל, הוא מביע את רגש ה**כאב** שלו על עמדת הימין המתפשר, ומייחס לצד השני רגשות של **שנאה** ו**ציניות** המוסווים תחת מילים יפות.","הטקסט הוא תרגיל מובהק בעבודת גבולות. הוא מנתח כיצד אביב גפן יוצר גבול מוסרי המדיר את מתנגדי העסקה. לאחר מכן, הכותב מפרק את הגבול הזה ומשרטט גבול חדש, המפריד בין המחנה ה""רציונלי-עתידי"" לבין המחנה ה""רגשי-הוותי"". החלק על השבת יוצר גבול נוסף בין ה""מאוזנים"" (שומרי שבת) ל""לא מאוזנים"" (אלו שאינם).","הכותב מתאר את עמדת תומכי העסקה כעמדה המוחזקת ב**שכנוע מוסרי** עמוק. הוא מצביע על תפיסת ה**אוניברסליות** שלה (""אין אופוזיציה וקואליציה""), ה**חסינות שלה לסמכות** (היא גוברת על שיקולים מדיניים), וה**אי-סובלנות** כלפי דעות חולקות (ההתקפה על סמוטריץ'). במקביל, הכותב מציג את עמדתו שלו כשכנוע מוסרי נגדי, המבוסס על אמת אובייקטיבית ועל-זמנית הלקוחה מספר התניא.","הכותב מציג היררכיה מוסרית ברורה: - **בראש ההיררכיה:** הרציונליות (""מוח"", ""שכל""), האחריות כלפי העתיד והביטחון הקולקטיבי ארוך הטווח. ערכים אלו מוצגים כבסיס לקבלת החלטות נכונה. - **בתחתית ההיררכיה:** הרגש (""לב""), ההתמקדות ב""עכשיו-עכשיו"", והלכידות הלאומית כאשר היא מושגת באמצעות כניעה ללחץ והשתקת דעות לגיטימיות. אלה מוצגים כגורמים המסיטים מדרך הפעולה המוסרית הנכונה.","התזה המוסרית המרכזית של המאמר היא שקבלת החלטות לאומית, בפרט בסוגיות של חיים ומוות כעסקת חטופים, חייבת להיות כפופה לציווי המוסרי של ""מוח שליט על הלב"". כלומר, על ההיגיון הרציונלי, קור הרוח והראייה ארוכת הטווח (ה""מוח"") לגבור על הרגש, הדחיפות וההתמקדות בהווה המיידי (ה""לב""). ההיגיון המארגן של המאמר הוא דיכוטומי, ומציב את שני המודלים הללו זה מול זה כמאבק בין גישה מוסרית אחראית (רציונלית ועתידית) לבין גישה מוסרית פגומה (רגשית והווה-ית). הכותב טוען שהשיח הציבורי הנוכחי סביב העסקה נכשל מוסרית משום שהוא מדכא את ה""מוח"" ומקדש את ה""לב"", ובכך מסכן את העתיד הלאומי."
אחרי הסיכום על עסקה: זמן להוכיח שאנחנו מקדשים את החיים,Ethno-Republican,ynet,"הטקסט משתמש באופן עקבי בשפת חובה וציווי. ביטויים כמו ""זוהי שעתה... להוכיח"", ""לנשוך שפתיים, לקפל... ולחתור"", ו""צריך לזכור"" אינם מציגים העדפה, אלא קובעים נורמה מחייבת. הטיעון מוצג כאמת אובייקטיבית (""כוח בממשלה... הורג"").","הטיעון נסמך באופן מוחלט על ערכים מקודשים: ""חיים"", ""דיני נפשות"", ""החוזה הבסיסי של המדינה"". ערכים אלה מוצגים כבלתי ניתנים למשא ומתן או להמרה ברווח פוליטי.","הטקסט מגייס רגשות מוסריים באופן אינטנסיבי. הוא מבקש לעורר **אמפתיה וחמלה (Compassion)** כלפי החטופים והמשפחות (דרך תיאורים כמו ""מונחים על בית החזה של אמא ואבא"" והסצנה עם עינב צנגאוקר), ובמקביל לעורר **כעס וזעם (Anger/Rage)** כלפי היריבים הפוליטיים המתוארים כמי שמבצעים עוול מוסרי.","הטיעון מבצע עבודת-גבולות חריפה בתוך החברה הישראלית. הוא מגדיר קהילה מוסרית של ""מקדשי החיים"" ומציב מחוצה לה את ""תאבי השררה"", ובכך מגדיר מי שייך ל""אנחנו"" הראויים ומי מהווה איום פנימי שיש להתגונן מפניו.",העמדה המוצגת בטקסט מפגינה מאפיינים חזקים של שכנוע מוסרי:,הטקסט מבנה היררכיה מוסרית ברורה וחד-משמעית:,"התזה המוסרית המרכזית של המאמר היא שקדושת החיים מהווה את העיקרון המוסרי העליון והמכונן של החברה הישראלית, וכי עיקרון זה עומד במבחן קיומי. ההיגיון המארגן של הטיעון הוא הצבת דיכוטומיה מוחלטת בין שני מחנות: מצד אחד, ""אנחנו"" – הקהילה הלאומית המאוחדת ברגע של חרדה ותקווה, המקדשת את החיים ומחויבת לערבות הדדית ול""חוזה הבסיסי"" בין המדינה לאזרחיה. מצד שני, כוחות פוליטיים פנימיים (""כוחות משיחיים"", ""יהודים תאבי שררה וכוח"") המונעים משיקולי כוח, אגו ואידיאולוגיה, אשר בפעולותיהם מחללים את קדושת החיים, מפרים את החוזה, ומובילים את המדינה לחורבן. לפיכך, המאבק על שחרור החטופים אינו רק מאבק צבאי או מדיני, אלא בראש ובראשונה מאבק מוסרי פנימי על דמותה ועל עצם קיומה של החברה הישראלית."
"בתנאים הנוכחיים, זו העסקה הטובה ביותר שאפשר היה להשיג | זו מגרעתה העיקרית",Ethno-Republican,ynet,"הטקסט משתמש באופן מועט בשפה של חובה או ציווי אוניברסלי. במקום מילים כמו ""חייב"" או ""אסור"", הוא משתמש בשפה של הערכה פרגמטית: ""הכי טובה"", ""יתרונותיה עולים על חסרונותיה"", ""מאפשרת"". השפה אינה דאונטולוגית אלא תועלתנית.","הטיעון נשען באופן משתמע על הערך המקודש של חיי אדם, ובפרט חיי החטופים. עם זאת, הוא אינו מציג ערך זה כאבסולוטי, אלא כשקול מרכזי במשוואה מורכבת של אינטרסים לאומיים.","הטקסט נמנע באופן שיטתי מגיוס רגשות מוסריים. אין בו ביטויי זעם, בוז, גאווה או אמפתיה מפורשים. הטון קליני ומנותק, ומטרתו לשכנע באמצעות היגיון ולא באמצעות רגש.","כאמור, הטקסט אינו עוסק בעבודת-גבולות הדוחקת את היריב הפוליטי אל מחוץ לקהילה המוסרית. להפך, הוא פועל בתוך קהילה מוסרית משותפת ומנסה לשכנע את חבריה בנכונותה של דרך פעולה מסוימת.","הטקסט מפגין רמה נמוכה מאוד של ""שכנוע מוסרי"" (Moral Conviction) כפי שמוגדר על ידי סקיטקה.",הטיעון של הכותב מבנה היררכיה ברורה של ערכים ועדיפויות:,"התזה המרכזית של הכותב היא שהעסקה המוצעת היא הפעולה הנכונה והמוצדקת ביותר מבחינה ישראלית, לא משום שהיא מושלמת, אלא משום שהיא מהווה את התוצאה הטובה ביותר שניתן להשיג במציאות הנתונה. ההיגיון המארגן את הטיעון כולו הוא לוגיקה של שקלול תועלות מול נזקים (cost-benefit analysis). הכותב מציג את העסקה ככזו ש""יתרונותיה, מנקודת הראייה הישראלית, עולים בהרבה על חסרונותיה"". ההיגיון המוסרי אינו מבוסס על עיקרון אבסולוטי, אלא על בחינה פרגמטית של התוצאות הצפויות בתחום ההומניטרי, הצבאי, והמדיני, ושקלולן מול הסיכונים הביטחוניים המוכרים."
המחירים יהיו גבוהים פי כמה ממה ששילמנו כעת,Ethno-Republican,ynet,"השימוש בביטוי ""חייבת חוב מוסרי"" הוא הביטוי הדאונטולוגי המובהק ביותר בטקסט. הוא הופך את הפעולה המוצעת (קבלת העסקה) לחובה קטגורית, ולא להעדפה או בחירה אסטרטגית.","הטיעון נשען על הערך המקודש של חיי האזרחים והחיילים, ועל הקשר הבלתי ניתן לניתוק בין המדינה לאזרחיה. הכישלון בהגנה עליהם מוצג כהפרה של ערך מקודש זה, מה שמצדיק פעולות קיצוניות (קבלת עסקה ""רעה"") כדי לתקנו.","הטקסט אינו מגייס רגשות מוסריים עזים כמו בוז או גועל. הטון הוא אנליטי וביקורתי. עם זאת, ניתן לזהות זעם מרוסן וכעס המכוונים כלפי חוסר היעילות והכשלים של הדרג הפיקודי והמדיני. זהו כעס הנובע מהפרת נורמה של אחריות ומקצועיות, ולא מרגש מוסרי ""חם"".","כפי שצוין, הטקסט מבצע עבודת-גבולות המפרידה בין העם (אזרחים וחיילים) לבין ההנהגה הכושלת. הוא אינו יוצר גבול בין קבוצות אידיאולוגיות, אלא גבול של אחריות ותפקוד. הוא מגדיר את קהילת הקורבנות של המחדל מול קהילת האחראים למחדל.","העמדה המוצגת בטקסט אינה תואמת באופן מלא למאפייני ""שכנוע מוסרי"" כפי שהוגדרו על ידי סקיטקה. בעוד שהיא כוללת מרכיב חזק של **חובה אינהרנטית** (""חוב מוסרי""), היא חסרה את המאפיינים של **תפיסת אובייקטיביות ואוניברסליות** ו**חוסר סובלנות חברתית**. הכותב אינו מציג את עמדתו כ""אמת"" מוחלטת וברורה מאליה, אלא כמסקנה קשה וכואבת מתוך מציאות מורכבת (""אין צורך לייפות את המציאות"", ""רע לישראל, אך אין לה ברירה""). זהו טיעון מוסרי מנומק ומסויג, ולא ביטוי של שכנוע מוסרי אבסולוטי ובלתי מתפשר.","בראש ההיררכיה המוסרית של הכותב ניצב הערך של פירעון החוב המוסרי של המדינה כלפי אזרחיה וחייליה שנפגעו ישירות ב-7 באוקטובר. ערך זה עליון. תחתיו נמצאים יעדים אסטרטגיים כמו מיטוט הזרוע הצבאית של חמאס, השגת ""הכרעה"" צבאית, או הימנעות מתשלום ""מחיר כבד"" על עסקה חלקית. הכותב מציג את המחירים הצבאיים והאסטרטגיים ככואבים והכרחיים להתמודדות, אך הם משניים לחובה המוסרית הראשונית. באופן ספציפי, הוא מדרג את הסכנה שבנסיגה מציר פילדלפי כנמוכה יותר מהסכנה שבהצפת צפון הרצועה באוכלוסייה אזרחית, מה שמצביע על היררכיה פנימית בתוך השיקולים האסטרטגיים עצמם.","התזה המרכזית של הכותב היא שהסכם החטופים המתגבש הוא רע מבחינה אסטרטגית ותפעולית, אך קבלתו היא חובה מוסרית שאינה ניתנת לערעור. ההיגיון המוסרי המארגן את הטיעון הוא היגיון של ""חוב"": המדינה, אשר כשלה באופן קטסטרופלי בהגנה על אזרחיה וחייליה ב-7 באוקטובר (""הסתבכה עמוקות"", ""הופקרו""), נושאת בחוב מוסרי כלפיהם. קבלת ההסכם, על אף חסרונותיו הכבדים, מוצגת כמעשה ההכרחי לפירעון חוב זה. הטיעון בנוי על מתח בין הכרה במחירים העתידיים הקשים (ההיבט הפרגמטי) לבין ציווי מוסרי מוחלט הנגזר מכישלון העבר (ההיבט הדאונטולוגי)."
"כשהחמיצות באולפנים הרימה ראש, דמעות השמחה על שובן של החטופות התערבבו בדמעות הבושה",Ethno-Republican,הארץ,"הכותב משתמש בשפת חובה וציווי. הוא קובע כי ""הדבר היחיד שאנחנו **צריכים** לומר... הוא 'סליחה'"", וכי החיים הם מה ""שלמענו עלינו **להיאבק**"". השימוש בביטויים כמו ""ממשלה רקובה"" מציג את הפסול שבה לא כדעה, אלא כעובדה מוסרית אובייקטיבית.","הטיעון נסמך באופן מובהק על ערכים מקודשים: ""החיים"", ""הצלת אזרחיו השבויים"", ורגש ה""אושר אין־סופי"" למולם. ערכים אלה מוצבים כבלתי ניתנים למשא ומתן, בניגוד לערכים ""חילוניים"" יותר כמו המשך הלחימה או נקמה.","הטקסט מגייס קשת של רגשות מוסריים. הוא מעורר **זעם (Rage)** כלפי הממשלה וסגל, **בושה (Shame)** קולקטיבית על העיכוב, ו**צער (Grief)** על החיים שאבדו. מנגד, הוא מגנה את ה""זעף"" וה""חמיצות"" של סגל, ומציג אותם כתגובות רגשיות פסולות מוסרית. רגש ה**אושר** וה**התרגשות** מוצג כרגש המוסרי הראוי.","המאמר מבצע עבודת-גבולות אינטנסיבית. הוא משרטט גבול מוסרי חד בין קהילת ה""אנושיים"" החשים שמחה וזעם צודק, לבין קהילת ""תאבי הנקם"" קהי החושים. הגבול אינו מוגדר פוליטית אלא באמצעות היכולת או אי-היכולת להפגין את התגובה הרגשית-מוסרית ה""נכונה"".",עמדת הכותב מפגינה מאפיינים חזקים של שכנוע מוסרי.,"בראש ההיררכיה המוסרית של הכותב ניצב באופן מוחלט ערך החיים והחובה להצילם. מיד מתחתיו נמצאת האחריות של המדינה כלפי אזרחיה. בתחתית ההיררכיה, והמוצגים כערכים נחותים ופסולים מוסרית, נמצאים הרצון לנקמה, הרצון להמשיך ב""כתישת"" עזה, ושיקולים פוליטיים של שרידות הממשלה. הרגשות המדורגים גבוה הם התרגשות, הקלה ואושר על הצלת חיים, וכן בושה וזעם צודק על הפקרתם. הרגשות המדורגים נמוך הם חמיצות וזעף לנוכח הצלת חיים.","התזה המוסרית המרכזית היא שהמאבק למען החיים, המיוצג על ידי שחרור החטופים, הוא הציווי המוסרי העליון, וכל פעולה או עמדה המעכבת או מתנגדת לו מתוך שיקולים אחרים (כמו נקמה או המשך הלחימה) מהווה כישלון מוסרי חמור. ההיגיון המארגן של הטקסט בנוי על קונפליקט בין שתי מערכות רגשיות-מוסריות: האחת, המשלבת שמחה והקלה על שובם של החיים עם בושה, צער וזעם על האיחור והמחיר; והשנייה, המפגינה חמיצות, זעף ואדישות לסבל, הנובעת מתאוות נקם ומהעדפת המשך הלחימה על פני הצלת נפשות. הטקסט טוען כי המערכת הראשונה היא הראויה והאנושית, בעוד השנייה היא סטייה מוסרית."
ביטחון המדינה? מה שמדאיג את סמוטריץ' ובן גביר זה שהעסקה תצליח,Ethno-Republican,הארץ,"הטקסט משתמש בשפה המציגה את עמדותיו כעובדות מוסריות אובייקטיביות. הקביעה שהקשר של בן גביר וסמוטריץ' למוסר וליהדות אינו קיים היא קביעה אוניברסלית ולא דעה אישית. השימוש בביטויים כמו ""מנהיג שראוי לשמו היה קוטע"" מנוסח כחובה מוסרית (Deontic) המצופה מכל מנהיג. דבריו המצוטטים של טראמפ, ""הם חייבים לסגור אותו"", מחזקים את שפת החובה.","הטיעון נסמך באופן מובהק על ערכים מקודשים: ""הצלת חיי החטופים"", ""הצלת נפש"", ו""פדיון שבויים"". ערכים אלה מוצגים כבלתי ניתנים למשא ומתן, והפרתם מוצגת כחטא מוסרי.","הטקסט מגייס ומעורר רגשות מוסריים. הוא מבטא **בוז (Contempt)** ו**כעס (Anger)** כלפי בן גביר, סמוטריץ' ונתניהו. הוא מתאר את בן גביר כ""מתעלל"" ואת מעשיו כ""נכלוליים ומרושעים"", ובכך מעורר רגשות שליליים חזקים כלפיהם. תיאור נתניהו כ""דואב"" ומושפל נועד, ייתכן, לעורר תערובת של רחמים ובוז.","כפי שפורט לעיל, המאמר הוא דוגמה מובהקת ל""עבודת-גבולות"" מוסרית. הוא מגדיר את בן גביר וסמוטריץ' כנמצאים מחוץ לקהילה המוסרית הלגיטימית, ובכך מחזק את זהותה של קהילת ה""בפנים"" סביב ערך הצלת החיים.",עמדת הכותב מפגינה מאפיינים חזקים של שכנוע מוסרי (Moral Conviction):,הכותב מציג היררכיה מוסרית ברורה וחד-משמעית.,"התזה המוסרית המרכזית של המאמר גורסת כי התנגדותם של איתמר בן גביר ובצלאל סמוטריץ' לעסקת החטופים אינה נובעת מדאגה כנה לביטחון הלאומי, אלא מונעת ממניעים פוליטיים ציניים ובלתי מוסריים, ובראשם הרצון להמשיך את המלחמה כדי לחדש את ההתיישבות היהודית ברצועת עזה. ההיגיון המוסרי המארגן את הטקסט הוא היגיון של חשיפה ודה-לגיטימציה: הוא פועל באופן שיטתי כדי לקלף את ההצדקות הביטחוניות המוצהרות של המתנגדים לעסקה, לחשוף את מה שהכותב מציג כמניעיהם ה""אמיתיים"", ובכך לשלול מהם כל מעמד מוסרי, ערכי או יהודי. הטיעון בנוי על קונטרסט מתמיד בין הצהרה (דאגה לביטחון) לבין כוונה נסתרת (התנחלות), ובין מנהיגות ראויה לבין התנהלותו של בנימין נתניהו, המוצגת ככניעה חלשה וסחיטה למניעים פסולים אלה."
"המחיר שישראל תשלם בעסקת החטופים כבד, אבל בלתי נמנע",Ethno-Republican,הארץ,"הטקסט משתמש בשפה של חובה והכרח כדי לבסס את טיעונו. ביטויים כמו ""ישראל **תצטרך** לבלוע עוד צפרדעים"", ""ויתורים... **מתחייבים** כדי להתחיל להחזיר"", ובעיקר הקביעה כי מות החיילים הוא ""בלא תכלית ברורה"", מעבירים את הדיון מניתוח אסטרטגי גרידא לקביעה מוסרית על בזבוז חסר הצדקה של חיי אדם.","הטיעון נשען באופן מובהק על ערך מקודש אחד: ""דיני נפשות"" – קדושת החיים. ערך זה מוצג כעליון, והצורך להגן עליו מצדיק ויתור על ערכים אחרים כמו שלמות היעדים הצבאיים או עקרונות אידיאולוגיים.","הטקסט אינו מגייס רגשות מוסריים עזים באופן ישיר. הטון הוא מאופק ואנליטי. עם זאת, הוא רומז לרגש ה**בוז** או ה**שעשוע** האירוני כלפי הצביעות של תומכי נתניהו, ולרגש ה**חמלה** או ה**דאגה** דרך השימוש בביטויים כמו ""חשש מובן של משפחות החטופים"" ו""הדימום הולך וגובר"". הרגש המרכזי המונח ביסוד הטקסט הוא תחושת דחיפות וחרדה מפני המשך האובדן.","הטיעון מבצע עבודת-גבולות על ידי הגדרת קהילת השיח הלגיטימית. הוא יוצר גבול בין אלו המבינים את כובד המציאות ופועלים מתוכה (הפרגמטיסטים) לבין אלו הפועלים מתוך עולם של סיסמאות, אידיאולוגיות ואינטרסים פוליטיים צרים. בכך, הוא מגדיר את ה""אנחנו"" הלגיטימי כקבוצה המכירה בצורך המוסרי בפשרה.","[לא נמצאה אינדיקציה בטקסט]. עמדת הכותב אינה מוצגת כנובעת מ""שכנוע מוסרי"" כהגדרתו במודל. אין בה מאפיינים של אובייקטיביות נתפסת, אוניברסליות או חוסר נכונות לפשרה. נהפוך הוא, כל הטיעון הוא בזכות פשרה וויתורים, והוא מבוסס על ניתוח תוצאתני ורציונלי של עלויות ותועלות, ולא על עיקרון מוסרי מוחלט ובלתי מתפשר.","- **בראש סדר העדיפויות:** הצלת חיים באופן מיידי ודחוף – הן של החטופים (""דיני נפשות"") והן של החיילים (""לא רק לחטופים אין זמן""). ערך זה מוצג כעליון ומצדיק ויתורים משמעותיים.","התזה המוסרית המרכזית של המאמר היא שנוכח מציאות של אובדן חיים מתמשך וחסר תכלית (של חיילים וחטופים), קיימת חובה דחופה לקבל החלטה המבוססת על ריאליזם פרגמטי, גם אם היא כרוכה במחיר אסטרטגי ואידיאולוגי כבד. ההיגיון המוסרי המארגן את הטיעון הוא היגיון תוצאתני, המעמיד את הערך של הצלת חיים בעת הנוכחית מעל יעדים מוצהרים וארוכי טווח של המלחמה (כמו ""ניצחון מוחלט"" או ""ריסוק מלא של משטר חמאס""), אשר מוצגים כבלתי ניתנים להשגה במחיר סביר. הטיעון בנוי על שקלול מתמיד של עלות מול תועלת, כאשר העלות היא ""הדימום"" המתמשך והתועלת היא עצירתו באמצעות עסקה."
השפיות והתקווה עומדות לחזור לחברה בישראל. אסור לאפשר את גזילתן,Ethno-Republican,הארץ,"הכותבת משתמשת בשפת חובה וציווי מובהקת. ביטויים כמו ""חייבים מבחינה מוסרית לדמיין ולממש"" קובעים חובה אקטיבית. קביעות כמו ""זכותם של החיים גוברת על זכותם של המתים"" ו""חיי הפרט חשובים יותר"" מנוסחות כאמיתות אוניברסליות ואובייקטיביות, ולא כהעדפה אישית.","הטיעון נסמך באופן מוחלט על ערכים מקודשים: ""חיים"", ""דם"" (במסגור של ""בין דם לדם""), ו""שפיות"". ערכים אלה מוצגים כבלתי ניתנים למשא ומתן, והם אלו שמעניקים לעסקה את דחיפותה המוסרית.","הטקסט מגייס קשת של רגשות מוסריים. הוא מעורר אמפתיה וחמלה כלפי החטופים ומשפחותיהם (""סבל שאף אחד לא מעז לתאר""), מתאר את הכאב ""קורע הלב"" של האב השכול, ומנגיד אותו לרגש ה""פחד"" של הפוליטיקאים מהמפגש עם העדות החיה של השבות. התקווה והבכי המשתחרר (בעקבות השיר של יוני בלוך) מוצגים כרגשות חיוביים המניעים לפעולה.","המאמר מבצע עבודת גבולות אינטנסיבית. הוא משרטט גבול ברור בין ""גוש החיים, השפיות והתקווה"" לבין ""הכוחות הקיצוניים"" המייצגים את היגיון המלחמה והמוות. הטיעון המוסרי הוא הכלי שבאמצעותו הגבול נבנה ומתוחזק.",עמדתה של הכותבת מפגינה מאפיינים חזקים של שכנוע מוסרי:,הכותבת מבנה היררכיה מוסרית ברורה:,"התזה המוסרית המרכזית של הכותבת היא שעסקת החטופים אינה רק מהלך פוליטי או אסטרטגי, אלא מהווה צעד הכרחי וחיוני בחזרה אל מערכת ערכים אנושית בסיסית ותקינה. ההיגיון המוסרי המארגן את המאמר הוא היגיון של היררכיה ערכית: הכותבת מציבה באופן שיטתי את ערך החיים, הפרט, וההווה המוחשי כעליונים על פני ערכים של מוות, הקולקטיב הלאומי, והעתיד המופשט או הנצח. הטיעון בנוי כקריאה לשינוי תודעתי, מ""חשיבה מעגלית מייסרת וחסרת מוצא"" של מלחמה נצחית, אל תודעה המעצבת באופן אקטיבי עתיד המבוסס על ריפוי, דיבור והגנה."
עד שכל החטופים יחזרו,Ethno-Republican,הארץ,"הטקסט רווי בשפה דאונטית (שפת חובה). ביטויים כמו ""חובתו"", ""אסור"", ""מוכרחים"", ""ראוי לכבוד"" ו""צריכה להיות"" הופכים את העמדה מציווי אישי או העדפה פוליטית לקביעה מוסרית אובייקטיבית ואוניברסלית לכאורה.","הטיעון נסמך על ערכים מקודשים בתרבות הישראלית: ערך החיים (""חפץ חיים""), והעיקרון של פדיון שבויים (""בלי להשאיר מאחור אף לא אחד מהם""). ערכים אלה מוצגים כבלתי ניתנים למשא ומתן.","הטקסט מגייס רגשות מוסריים באופן מובהק. הוא קושר את העמדה הרצויה (השלמת העסקה) לרגשות חיוביים המבטאים סולידריות קהילתית: ""שמחה עצומה"", ""גאווה"", ""אושר"", ""תקווה"". במקביל, הוא קושר את העמדה הנגדית למושגים המעוררים רגשות של דחייה וסלידה מוסרית: ""נקמה"" ו""מוות"".","המאמר מבצע עבודת-גבולות ברורה. הוא יוצר קהילה מוסרית של ""חפצי חיים"" ומגדיר מולה ""אחר"" מודר ומוקצה מוסרית – ""אבירי הנקמה והמוות"". פעולה זו מחזקת את הלכידות הפנימית של הקבוצה הראשונה ומבטלת את הלגיטימיות של השנייה.",העמדה המוצגת בטקסט מפגינה מאפיינים חזקים של שכנוע מוסרי:,"הטקסט מבנה היררכיה מוסרית ברורה. בראש ההיררכיה ניצב הערך של השבת כל החטופים, הממוסגר כביטוי עליון של ערך החיים (""חפץ חיים"") והערבות ההדדית. ערך זה מוצג כנעלה על ערכים אחרים. מתחתיו, ומוצגים ככפופים לו או אף כמנוגדים לו, נמצאים הערכים המיוחסים לכוחות הקיצוניים: ""נקמה"" ו""מוות"", המקושרים לרעיון של ""מלחמה נצחית"". לפיכך, המשך המלחמה כשלעצמו אינו מוצג כערך עליון, אלא ככלי או כמצב שיש לסיימו כחלק מהשגת המטרה המוסרית הראשונה במעלה – השבת החטופים.","התזה המוסרית המרכזית של המאמר גורסת כי שחרור החטופות אינו רק הישג אסטרטגי, אלא התגלמותה של ""תמונת ניצחון"" מוסרית המבטאת את מהותה האידיאלית של מדינת ישראל: מדינה אשר ערבה לאזרחיה, אינה מפקירה את שבוייה ונושאת באחריות למחדליה. ההיגיון המארגן של הטיעון הוא ליניארי ודחוף: הוא מציג את השמחה והגאווה הלאומית הנוכחית כ""מומנטום אופטימי"" וכביטוי אותנטי של רצון קולקטיבי (""חפץ חיים""). מומנטום זה, על פי הטקסט, מחייב יצירת חובה מוסרית אקטיבית המוטלת על הציבור הישראלי. חובה זו היא לפעול כ""ערב לעסקה"" ולהבטיח את השלמתה המלאה – קרי, השבת כל החטופים וסיום המלחמה. ההיגיון קובע כי מימוש חובה זו כרוך במאבק נגד כוחות פנימיים, המוגדרים כקיצוניים ואנטי-מוסריים (""אבירי הנקמה והמוות""), אשר מאיימים לחבל בתהליך."
אל תָּבוּז לי - האב השכול עונה לאלי אלבג,Ethno-Republican,ערוץ 7,"הטקסט משתמש באופן מובהק בשפה דאונטולוגית. הביטוי ""לא רשאי לבוז"" הוא ציווי מוסרי מוחלט. כמו כן, הגדרת האמפתיה כ""מחווה אנושית פשוטה"" מציגה אותה כנורמה אוניברסלית, חובת ברירת מחדל החלה על כל אדם באשר הוא, ולא כהעדפה אישית.","הטיעון נסמך באופן עמוק על ערכים מקודשים. המושג ""בין דם לדם"" מקדש את ערך החיים והופך אותו לבלתי ניתן לכימות או לסחר. הביטויים ""היקר לו מכל"" ו""סיכון עצמי אדיר"" מעגנים את הדיון בעולם של הקרבה טוטאלית, שמעבר לתחום האינטרס הרציונלי.","המאמר בנוי סביב ציר רגשי-מוסרי ברור. הוא מציב את ה`בוז` (Contempt) כרגש מוסרי שלילי שיש לדחות, ואת ה`אמפתיה`/`חמלה` (Compassion) כרגש מוסרי חיובי שיש לאמץ. בנוסף, הוא מגייס רגשות של `כאב`, `יגון`, `דאגה` ו`חשש` כדי לבסס את הלגיטימיות של עמדת המתנגדים ולעורר חמלה כלפיהם.","המאמר מבצע עבודת גבולות מתוחכמת. במקום לבצע ""Boundary Retention"" (שימור גבולות) בין תומכים למתנגדים, הוא עוסק באופן פעיל ב-""Boundary Reformation"" (עיצוב מחדש של גבולות). הוא מוחק את הגבול הפוליטי ומחליף אותו בגבול מוסרי-התנהגותי: הגבול אינו בין מי צודק, אלא בין מי שנוהג באמפתיה (בפנים) למי שנוהג בבוז (בחוץ).","הטקסט מכיר בכך ששתי העמדות היריבות מוחזקות עם שכנוע מוסרי עמוק. הוא מתאר את הכרעת המתנגדים כ""ערכית ומוסרית"", ובכך מאשר את תפיסתם את עמדתם כנובעת מתחושה בסיסית של צדק ומוסר. עם זאת, הטיעון המרכזי של הכותב פועל *נגד* אחת ההשלכות המתועדות של שכנוע מוסרי גבוה – ""Social Intolerance and Resistance to Compromise"". הוא קורא לאנשים להחזיק בשכנועם המוסרי העמוק, אך במקביל להימנע מחוסר הסובלנות החברתית (ה`בוז`) שבדרך כלל מתלווה אליו. הוא מנסה לנתק בין השכנוע המוסרי לבין דה-הומניזציה של היריב.","הכותב אינו יוצר היררכיה בין ערך חיי החטופים לערך חיי החיילים והאזרחים העתידיים. הוא ממסגר את הדילמה כהכרעה ""בין דם לדם"", ובכך מציב את שני סוגי הקורבנות כשווי ערך מוסרי. ההיררכיה שהמאמר כן מבסס היא בין *עמדות פוליטיות* לבין *עקרונות מוסריים חוצי-מחנות*. בראש ההיררכיה ניצבת החובה לשמור על סולידריות ואמפתיה קהילתית המבוססת על הכרה בהקרבה ההדדית. מתחתיה, ובעמדת כפיפות, נמצאת ההכרעה הספציפית בעד או נגד העסקה. כלומר, האופן שבו מתייחסים ליריב האידיאולוגי חשוב מוסרית יותר מאשר צדקת העמדה האידיאולוגית עצמה.","התזה המוסרית המרכזית של המאמר אינה עוסקת בשאלה האם עסקת החטופים היא ""טובה"" או ""רעה"", אלא קובעת חובה מוסרית נורמטיבית לגבי *אופן ניהול המחלוקת* סביבה. ההיגיון המארגן של הטיעון מבוסס על עיקרון של סימטריה מוסרית הנובעת מהקרבה משותפת: מכיוון שגם תומכי העסקה וגם מתנגדיה מסכנים את חייהם וחיי יקיריהם (באופנים שונים) למען אותה מטרה קולקטיבית (הצלת חטופים או ביטחון המדינה), שתי העמדות הן הכרעות ערכיות לגיטימיות. לגיטימיות סימטרית זו שוללת את הרשות המוסרית להביע בוז (`בוז`) כלפי הצד השני, ומחייבת במקומו פרקטיקות של הכרת תודה (`להודות`), הצדעה (`להצדיע`) ואמפתיה (`להביע אמפתיה עמוקה`). הטיעון אינו מכריע במחלוקת המהותית, אלא מציב מסגרת-על מוסרית לניהולה."
מגיע לציונות הדתית הרבה יותר מבן גביר וסמוטריץ',Ethno-Republican,סרוגים,"הטקסט משתמש בשפה של חובה והכרח מוסרי. הביטוי ""אופציה בלתי נסבלת"" אינו מביע העדפה, אלא קובע קביעה אובייקטיבית-לכאורה על פסלותה המוחלטת של דרך פעולה מסוימת. הקביעה כי ""מנהיגות... מחייבת הכרעות טראגיות"" מנוסחת כציווי אוניברסלי החל על כל מנהיגות באשר היא.","הטיעון נשען באופן מובהק על ערך מקודש – קדושת החיים. הוא מדבר על ""חטופות וחטופים שנהרגו"", ""חיילים שקיפחו את חייהם"", ועל הצלת חיים כערך עליון. הדיון ממוסגר כמאבק על חיים, מה שמוציא אותו מהתחום האסטרטגי ה""קר"" ומכניס אותו לתחום המוסרי ה""חם"".","הטקסט מגייס רגשות מוסריים. הוא מבטא תחושה הדומה לבוז (Contempt) כלפי ה""מופע הציני"" של הפוליטיקאים. הוא מעורר חמלה (Compassion) כלפי החטופים (""נאנקים בשבי החמאס"") וכלפי תושבי העוטף. הוא מבטא כאב אישי (""איבוד הבית"") כדי לבסס את עמדתו המוסרית. הזעקה על ""עצימת עיניים ולב מוסריים"" היא קריאה ישירה להפעלת אמפתיה.","כפי שפורט לעיל, הטיעון פועל באופן אקטיבי כדי להוציא את ""הימין הרדיקלי הדתי"" מחוץ לגבולות הקהילה המוסרית הנושאת באחריות, תוך הגדרתם ככוח ציני הפועל מתוך אינטרסים צרים ופסולים.","עמדת הכותב מפגינה מאפיינים חזקים של שכנוע מוסרי. **Perceived Objectivity and Universality:** הוא מציג את הבחירה בעסקה לא כהעדפה, אלא כהכרח מוסרי אובייקטיבי הנובע מהמצב. **Motivational Force:** הוא מציין את מעורבותו הפעילה במחאה (""הובלנו את עצרות החטופים""). **Authority and Peer Independence:** הוא מתנגד באופן נחרץ לעמדתם של גורמים בכירים בממשלה (השרים מהימין הרדיקלי). **Social Intolerance and Resistance to Compromise:** הוא מפגין חוסר סובלנות מוחלט כלפי מה שהוא תופס כציניות וחוסר אחריות של יריביו הפוליטיים, ומסרב לראות בע --- אתה מעלה נקודה מצוינת וחשובה, שמחייבת אותנו לצלול לאבחנה המבדלת הדקה ביותר בין שני הטיפוסים הללו. אכן, המאמר כולו סובב סביב הקולקטיב הישראלי-יהודי, ערכיו והשבר שלו. השאלה המכרעת, על פי מדריך האבחנה, אינה **האם** המאמר עוסק בקולקטיב, אלא **כיצד** הוא מגדיר את המשבר של אותו קולקטיב. ההבחנה המכרעת בין **אתנו-רפובליקני** ל**אתנוצנטרי** אינה נוגעת לעצם ההתייחסות ל""עם היהודי"", אלא ל**בסיס שעליו מושתתת השייכות והחובה** בתוך אותו עם. בוא נבחן זאת מחדש דרך הציטוטים והמדריך:","בראש ההיררכיה המוסרית של הכותב ניצבת באופן ברור הצלת חייהם של החטופים והחיילים באופן מיידי. ערך זה גובר על שיקולים אסטרטגיים ארוכי טווח, כגון מניעת חזרת חמאס לגבול או השגת ""מנופים מספיקים לשלבים הבאים"". הכותב מבסס היררכיה זו על ידי קביעתו כי אם העסקה הייתה נחתמת מוקדם יותר, ""היו ניצלים עשרות חטופים וחיילים"". מתחת לערך הצלת החיים, נמצאת הדאגה לביטחונם של תושבי עוטף עזה, כולל הכותב ומשפחתו. בתחתית ההיררכיה המוסרית, הכותב ממקם את האג'נדה הפוליטית של ""הזרם הישראלי הקיצוני ביותר"", אותה הוא מציג כהרפתקה אידיאולוגית (""הרפתקא של טיהור, סיפוח וכיבוש"") המנותקת מהמציאות ומהסבל האנושי.","התזה המוסרית המרכזית של הכותב היא שהכרעה מוסרית במצב של טרגדיה מחייבת בחירה ברע במיעוטו, גם אם הוא כרוך בנזק ובסיכון. ההיגיון המארגן את הטיעון הוא לוגיקה של הכרעה טראגית: הכותב מציג שתי אפשרויות שליליות – עסקה ""רעה"" מול השארת חטופים למותם, שהיא ""בלתי נסבלת"". הוא קובע שהאפשרות השנייה גרועה יותר באופן מוחלט, ולכן הבחירה בעסקה, על אף פגמיה המהותיים, היא המעשה המוסרי והאחראי היחיד האפשרי בנסיבות הקיימות. הטיעון נבנה על ידי הצגת ההתנגדות לעסקה לא כעמדה לגיטימית בוויכוח ערכי, אלא ככישלון מנהיגותי ומוסרי המונע מציניות, חוסר אחריות, והתנתקות מהמציאות ומהסבל האנושי המיידי."
"נתניהו ודאי יטען: ""אתם רואים שהחטופים יותר חשובים לי מהקואליציה?"". אז יטען",Ethno-Republican,וואלה,"הטקסט רווי בשפת חובה (""חייב"", ""חייבים"") וציוויים אוניברסליים (""גיוס מלא, לכולם, בלי אף יוצא מן הכלל""). קביעות מוצגות כעובדות אובייקטיביות ופשוטות (""כל ילד מבין"", ""די ברור"").","הטיעון נסמך באופן מובהק על ערכים מקודשים: חיי אדם (חטופים וחיילים), ""דם חיילינו"", ומוסד צה""ל המכונה ""קודש הקודשים"". ערכים אלו מוצגים כבלתי ניתנים למשא ומתן או להמרה באינטרס פוליטי.","הטקסט פועל לעורר רגשות מוסריים אצל הקורא. הוא מבנה תחושת דאגה עמוקה וחמלה כלפי ""אחינו"", וזעם מוסרי כלפי ראש הממשלה, המוצג כמי שפועל מתוך פחדנות ואינטרסנטיות על חשבונם.","הטיעון מבצע עבודת-גבולות אקטיבית. הוא יוצר גבול חד בין הקהילה המוסרית של ""העם שלנו"" לבין המנהיג, שממוקם מחוץ לה בשל הפרת נורמות היסוד שלה. בכך, הוא מגדיר את הקהילה המוסרית על בסיס דאגה הדדית ומחויבות, ומגדיר את החריגה ממנה ככשל מוסרי.",עמדות הכותב מפגינות מאפיינים חזקים של שכנוע מוסרי:,"הכותב מבנה היררכיה מוסרית ברורה: - **בראש ההיררכיה:** קדושת חייהם ושלומם של אזרחי ישראל, המקבלים ביטוי קונקרטי בדמות החטופים, חיילי צה""ל והמפונים. הם מכונים ""אחינו"", מה שמעניק להם מעמד מוסרי עליון. - **בדרג שני:** עקרונות מופשטים המשרתים את הקהילה הלאומית, כגון שוויון בנטל, יושרה פוליטית (עמידה במילה), וכבוד למוסדות מקודשים כמו צה""ל. - **בתחתית ההיררכיה:** שיקולים פוליטיים ואישיים. הישרדות קואליציונית, שמירה על הכיסא והשלטון, ושימוש ב""סלוגנים ובשמות חלולים"" (""ניצחון מוחלט"", ""מלחמת תקומה"") מוצגים כשיקולים נחותים מוסרית, אשר הקרבת הערכים העליונים למענם מהווה את החטא המרכזי.","התזה המוסרית המרכזית של המאמר גורסת כי קיימת חובה מוסרית עליונה על המנהיג הפוליטי, ובאופן ספציפי על ראש הממשלה, לפעול באופן שישקף את טובתם של אזרחי המדינה – המוגדרים כחטופים, חיילים ומפונים – מעל לכל שיקול אחר, ובפרט מעל שיקולי הישרדות פוליטית אישית. ההיגיון המוסרי המארגן את הטקסט הוא הנגדה חדה בין שני סוגי מחויבויות: המחויבות המוסרית, הראויה והאמיצה כלפי האזרחים, לעומת המחויבות הפסולה, המונעת מפחד ואינטרסנטיות, כלפי קיום הקואליציה והשלטון. הכותב טוען כי ראש הממשלה כשל מוסרית בכך שבחר באופן עקבי באפשרות השנייה, ובכך הפר את חובתו הבסיסית והוביל לפגיעה בערכים המקודשים ביותר של החברה. כל הטיעונים במאמר נובעים מנקודת מוצא זו ומדגימים את תוצאותיה של הכרעה מוסרית לקויה זו בשלוש סוגיות קונקרטיות: עסקת החטופים, השוויון בנטל והקמת ועדת חקירה."
"""הניצחון המוחלט"" לא יגיע; אנחנו צריכים ניצחון במחיר שנוכל לעמוד בו",Ethno-Republican,וואלה,הכותב משתמש בשפה המבטאת חובה וציווי. ביטויים כמו `חייב להיות מסוגל` (ביחס למנהיג) ו`אסור שיהיה זה ניצחון פירוס` קובעים נורמות התנהגות. הקביעה שהפקרת חטופים היא מחיר ש`לא ניתן לעמוד בו` מציגה את העמדה כעובדה אובייקטיבית ולא כהעדפה אישית.,"הטיעון נשען באופן מובהק על ערכים מקודשים. `ערבות הדדית` מוצגת כ""הבסיס הערכי והמוסרי של עם ישראל"", מה שמוציא אותה מחוץ למשא ומתן תועלתני. המושג ""הפקרת חטופים"" עצמו מהדהד ערכים של חיים וכבוד אנושי.","הטקסט אינו מפורש ברגשות, אך הוא פועל לעורר רגשות מוסריים אצל הקורא. השימוש בביטויים כמו ""סיסמאות נבובות"", ""אסטרטגיה בגרוש"" ו""כיתוב על כובע"" נועד לעורר תחושת בוז (Contempt) כלפי העמדה הנגדית. הדיון ב""הפקרת חטופים"" נועד לעורר חמלה (Compassion) כלפי החטופים וזעם (Anger) כלפי מי שמוכן להפקירם.","כפי שפורט בחלק ב', הטיעון מבצע עבודת-גבולות ברורה. הוא יוצר גבול בין קהילת ה""מבינים במורכבות"" והנאמנים לערכי הליבה, לבין קהילת ה""פשטניים"" שזנחו ערכים אלו.",ניתן לזהות מספר מאפיינים של שכנוע מוסרי בעמדת הכותב:,"הכותב מציב היררכיה ברורה שבה עקרונות מוסריים יסודיים גוברים על יעדים צבאיים מופשטים. בראש ההיררכיה ניצבים ""הבסיס הערכי והמוסרי של עם ישראל"", `ערבות הדדית`, והחובה לא להפקיר אזרחים וחיילים. ערכים אלה מוצגים כבלתי ניתנים למשא ומתן. מתחתם נמצאות המטרות המדיניות ארוכות הטווח (""היום שאחרי""). בתחתית ההיררכיה נמצא המושג ""ניצחון מוחלט"", המוצג כסיסמה ריקה, חסרת תוכן אסטרטגי ומוסרי.","התזה המוסרית המרכזית של המאמר גורסת כי ניצחון אמיתי אינו נמדד רק בהישגים צבאיים טקטיים, אלא ביכולתו לעמוד בשני קריטריונים מצטברים: הגשמת מטרות מדיניות ארוכות טווח, והיצמדות לבסיס הערכי-מוסרי של החברה. ההיגיון המארגן של הטיעון הוא הנגדה בין שני מודלים של ניצחון: מודל ""הניצחון המוחלט"" המוצג כסיסמה ריקה, פשטנית ובלתי מוסרית, לבין מודל של ניצחון מורכב, אחראי ומוסרי. לפי היגיון זה, הפקרת חטופים, המוצגת כ""מחיר"" על ידי תומכי המודל הראשון, מהווה למעשה כישלון מוסרי וערכי ששומט את הבסיס תחת כל הגדרה של ניצחון, והופך אותו לניצחון פירוס."
לתצפיתניות מגיעה ועדת חקירה ממלכתית. עכשיו,Ethno-Republican,מאקו,"הטקסט משתמש באופן עקבי בשפת חובה (""חובה"", ""חייבים"", ""אסור"") ובקביעות אוניברסליות (""הדרך היחידה"", ""הדרך הנכונה""). הדרישה לוועדה אינה מוצגת כהעדפה אישית אלא כציווי אובייקטיבי.","הטיעון נשען באופן מובהק על ערכים מקודשים: ""זכר החללים"", ""צדק"", ""אמת"", וההגנה על חיי אדם בעתיד. ערכים אלו מוצגים כבלתי ניתנים למשא ומתן.","הטקסט מגייס רגשות מוסריים עזים. הוא מבטא כאב ושכול, המעוררים חמלה (Compassion) אצל הקורא. הוא מבטא גאווה (Pride) בבתו הגיבורה. והוא מבטא זעם צודק (Righteous Anger) בדרישה ל""צדק"" ובקביעה שהאחראים ""יצטרכו לשלם את המחיר"".","הכותב עוסק באופן פעיל בעבודת גבולות. הוא מגדיר את הקהילה המוסרית הראויה כזו המאמצת ביקורת עצמית, ובכך מדיר ממנה (באופן משתמע) את אלו ש""עוצמים עיניים"". הוא פועל לפרק את הגבול השקרי, לשיטתו, בין פטריוטיות לביקורת.",העמדה של הכותב מפגינה מאפיינים רבים של שכנוע מוסרי עמוק:,"הטקסט מבנה היררכיה מוסרית ברורה: 1. **בראש ההיררכיה:** ניצבים הערכים המקודשים של **אמת, צדק וחיי אדם** (הן אלה שאבדו והן אלה שיש להגן עליהם בעתיד). הדרישה לוועדת חקירה היא הכלי המרכזי למימוש ערכים אלה. מיד אחריהם ניצבת החובה לכבד את זכר הנופלים. 2. **במרכז:** נמצאת האחריות החברתית-קולקטיבית – שיקום אמון הציבור והבטחת חוסנה של המדינה. ערכים אלה נתפסים כתוצאה ישירה של מימוש הערכים הגבוהים יותר. 3. **בתחתית ההיררכיה (או נדחקים הצידה):** נמצאים רגשות וערכים זמניים או משניים. השמחה הלאומית על חזרת החטופות מוצגת כחשובה, אך כזו ש""אסור"" שתאפיל על החובה המוסרית העליונה של חקירת האמת. כמו כן, רגשות כמו ""נקמה"" נדחים במפורש לטובת מניעים טהורים יותר כמו ""תיקון"". גם ""התמקדות רק בהצלחות"" מוצגת כעמדה מוסרית נחותה לעומת העמידה האמיצה מול האמת.","התזה המוסרית המרכזית של המאמר היא שהקמת ועדת חקירה ממלכתית, שקופה ובלתי תלויה, מהווה חובה מוסרית אבסולוטית המוטלת על החברה הישראלית ומנהיגיה בעקבות אירועי 7 באוקטובר. ההיגיון המוסרי המארגן את הטיעון הוא רב-ממדי: הוא מתבסס על חובה כלפי העבר (כיבוד זכר הנופלים), חובה כלפי ההווה (שיקום אמון הציבור במערכות המדינה), וחובה כלפי העתיד (מניעת הישנות האסון והבטחת ביטחונם של הדורות הבאים). הכותב מציג את הדרישה לחקירה לא כפעולה פוליטית או נקמנית, אלא כמעשה מתקן, הכרחי וצודק, הנובע ישירות מהכשל המערכתי העמוק ומהפגיעה בערכים המקודשים ביותר של החברה. הטיעון נע על ציר שבין כאב אישי עמוק לבין אחריות קולקטיבית, כאשר המעשה הפרטי של הנצחת בתו, רוני, מתורגם למשימה ציבורית-מוסרית של דרישת אמת וצדק עבור הכלל."
עוצמת התצפיתניות החטופות היא קודם כל מסר חד לנתניהו,Ethno-Republican,מאקו,"הטקסט משתמש בשפה של חובה וציפייה אוניברסלית (""אין אזרח אחד... שלא מצפה""). הוא משתמש בשיפוטים מוסריים חזקים כמו ""מביש"" ו""בגידה"", המציגים את העמדה כעובדה מוסרית אובייקטיבית ולא כהעדפה אישית.","הטיעון מעוגן באופן מפורש בערכים מקודשים: הנרטיב הלאומי (""הצלת אחינו ואחיותינו""), ""המהות הציונית"", ""המורשת היהודית"", והזיכרון ההיסטורי (""שרידי השואה""). ערכים אלה מוצגים כבלתי ניתנים למשא ומתן.","הטקסט מגייס רגשות מוסריים. הוא פותח ברגש חיובי של התרגשות וגאווה נוכח חוסנם של החטופים, ומנגיד אותו עם רגש ה""בושה"" (מביש) כלפי השרים, ותחושת זעם מרומזת כלפי הבגידה של ההנהגה.","הטיעון מבצע עבודת-גבולות אינטנסיבית. הוא משרטט גבול ברור בין הקהילה המוסרית האותנטית (העם, יהדות העולם) לבין ההנהגה הפוליטית, אשר מוצגת כמי שחרגה מגבולות הלגיטימיות המוסרית של הקהילה.",ניתן לזהות בטקסט מאפיינים חזקים של שכנוע מוסרי:,"- **בראש ההיררכיה:** ערך קדושת החיים והחובה להציל כל חטוף (""החטוף האחרון""). ערך זה מוצג כביטוי המזוקק של ""המהות הציונית"" ו""המורשת היהודית"", וכנרטיב המכונן של המדינה.","התזה המוסרית המרכזית של הכותב גורסת כי חובתה המוחלטת והעליונה של מדינת ישראל, הנובעת ישירות ממהותה הציונית וממורשתה היהודית, היא להבטיח את שובו של כל חטוף וחטוף. ההיגיון המארגן של הטיעון הוא הצבת קונפליקט חד בין ""תמונת הניצחון האמיתית"" – עמידתם וחזרתם של החטופים – לבין ""הניצחון המדומה"" (""הניצחון המוחלט"") שהממשלה מציגה. לפי היגיון זה, כל פעולה שאינה מקדמת את החזרת החטופים עד האחרון שבהם, מהווה בגידה בנרטיב הלאומי המכונן של המדינה, שכולו מבוסס על הצלת יהודים. הממשלה הנוכחית, וראש הממשלה בראשה, ממוסגרים כמי שנטשו היגיון מוסרי זה לטובת אינטרסים אישיים ופוליטיים צרים, ובכך לא רק נכשלים מוסרית אלא גם מובילים לאסון אסטרטגי."
המופע של חמאס של שחרור החטופות הבהיר: הם עדיין כאן,Ethno-Republican,הארץ,"השימוש בשפה דאונטית (""צריך להתמקד"", ""היתה צריכה להיות"") ובקריאה ישירה לפעולה (""בואו נביא אותם הביתה"") מבסס את הטיעון כציווי מוסרי. הביטוי ""להפנים"" הוא הוראה קוגניטיבית-מוסרית: החובה היא לא רק לפעול, אלא לשנות את תפיסת המציאות.","הטיעון נשען על ערך מקודש של חיי אדם. הוא טוען שהמרדף אחר יעד אחר (חיסול חמאס) הוביל לחילול הערך המקודש הזה, ולכן יש לחזור אליו באופן בלעדי.","המאמר מגייס רגשות של ""אכזבה"" ותסכול. רגשות אלו אינם מכוונים כלפי האויב, אלא כלפי פנים - אכזבה מההנהגה ומהתוצאות של פעולותיה. זוהי אכזבה מוסרית הנובעת מהפער בין ההבטחה (""ניצחון מוחלט"") לבין המציאות שנוצרה.","עבודת הגבולות המרכזית היא בין אלו שמסוגלים להכיר באחריותם לכישלון (""אנחנו שיצרנו את התנאים"") לבין אלו שממשיכים להכחיש אותה. ה""אנחנו"" המוסרי הוא קולקטיב שמסוגל להודות בטעותו. ה""הם"" הם אלו שממשיכים להפריח ""הבטחות שווא"".","השכנוע המוסרי של הכותב מתמקד ברעיון שהכרה במציאות היא חובה מוסרית עליונה. העמדה מוצגת כאמת אובייקטיבית (""זה נגמר"") שאינה נתונה למשא ומתן. ההתנגדות לסמכות (הדרג המדיני) נובעת מהשכנוע העמוק שהסמכות הזו פועלת באופן שמנותק מהמציאות, ולכן באופן לא מוסרי.","הכותב מציג היררכיה מוסרית שהייתה צריכה להתקיים מלכתחילה, והופרה.","התזה המוסרית המרכזית היא שהחובה המוחלטת כעת היא ""החזרת כל החטופים הביתה"", וזאת משום שהיעד האלטרנטיבי של ""חיסול חמאס"" הפך לבלתי אפשרי, בעיקר ""בגלל התנאים שיצרו במו ידינו"". ההיגיון המוסרי המארגן הוא היגיון של אחריות על תוצאות: הוא קושר באופן סיבתי בין החלטות אסטרטגיות שגויות בעבר (המרדף אחר ""ניצחון מוחלט"" וההימנעות מכניסה למרכז עזה) לבין המציאות הנוכחית שבה חמאס שרד צבאית. מציאות זו, שנוצרה כתוצאה מפעולות ישראל, היא שמבטלת את הלגיטימיות המוסרית של המשך המלחמה באותה מתכונת ומחייבת חזרה לעדיפות המוסרית היחידה שנותרה ריאלית: הצלת החטופים. הטיעון אינו רק קובע מה נכון לעשות עכשיו, אלא טוען שהציווי המוסרי הנוכחי נובע ישירות מכישלון שנגרם עצמית."
עד אחרון החטופים: אסור לנו לנוח אחרי אנחת הרווחה,Ethno-Republican,ישראל היום,"הטקסט משתמש באופן עקבי בשפת חובה (""חובתנו המוסרית"", ""צריך להחזיר"") ובקביעות בעלות אופי אוניברסלי (""חיי אדם כערך עליון""). הוא מציג את עמדתו לא כהעדפה, אלא כציווי מוסרי אובייקטיבי.","הטיעון נשען באופן מובהק על ערכים מקודשים שאינם ניתנים למשא ומתן: ""חיי אדם"", ""ערבות הדדית"", ""שותפות גורל"". השימוש בערכים אלה מוציא את הדיון מהקשר אסטרטגי-תועלתני ומכניס אותו למרחב מוסרי-קיומי.","הטקסט מגייס רגשות מוסריים כדי לחזק את טיעונו. הוא מעורר אמפתיה וחמלה כלפי החטופים (""הנתונים בצרה ובשביה"") ומשפחותיהם (""רצוצי הדאגה והזעם""), ומכוון את הזעם המוסרי כלפי הממשלה והאחראים ל""הפקרה"".","הטקסט מבצע עבודת גבולות אקטיבית. הוא מפרק את הגבול המקובל של ימין-שמאל ומשרטט במקומו גבול מוסרי בין הרוב המוחלט של הציבור (""כל עם ישראל"") לבין מיעוט פוליטי המאיים על הערכים המקודשים של הקולקטיב.",ניתן לזהות בטקסט מאפיינים חזקים של שכנוע מוסרי:,"בראש ההיררכיה המוסרית שהטקסט מציג ניצבים באופן מוחלט ובלעדי חיי החטופים והערכים המופשטים המגולמים בהצלתם: ""חיי אדם כערך עליון"", ""ערבות הדדית"", ""רעות"" ו""שותפות גורל"". ערכים אלו מוצגים כבלתי ניתנים למשא ומתן. בתחתית ההיררכיה נמצאים שיקולים אחרים, לרבות המחיר האסטרטגי של העסקה, אשר ממוסגר כ""קטן"" ביחס למחיר המוסרי של ויתור על החטופים. הטקסט מבחין במפורש שהמחיר הכואב אינו על חיי אדם, אלא על ""ההפקרה"", ובכך מציב את המעשה המוסרי (הצלה) מעל תוצאותיו האסטרטגיות.","התזה המוסרית המרכזית של המאמר גורסת כי על אף שהעסקה המוצעת היא ""גרועה"" ומהווה תוצר של כישלון מתמשך, קבלתה היא חובה מוסרית אבסולוטית. ההיגיון המוסרי המארגן את הטיעון הוא שהסירוב לעסקה, או ויתור על החטופים, אינו מהווה החלטה אסטרטגית או פוליטית, אלא אקט של ויתור עצמי על הזהות הקולקטיבית של החברה הישראלית. לפי היגיון זה, הערכים המכוננים של החברה (""רעות"", ""ערבות הדדית"", ""שותפות גורל"", ""חיי אדם כערך עליון"") הם תנאי לקיומה, ולכן ויתור על החטופים, המהווים את הביטוי המוחשי של ערכים אלה, שקול לויתור על הקיום המוסרי של הקהילה כולה. הניצחון, לפיכך, אינו מושג צבאי אלא מוסרי, והוא תלוי בעמידה במבחן הערבות ההדדית."
לשבור את קשר השתיקה: מחיר הדמים של עסקת חטופים,Ultra-Nationalism,ישראל היום,"הטקסט משתמש בשפה דאונטולוגית (של חובה) באופן עקבי: ""מוטב שנודה ונכיר"", ""זה הזמן לדבר"". הוא מציג את טיעוניו לא כהעדפה, אלא כציווי מוסרי להתמודדות עם האמת.","הטיעון נשען על ערכים מקודשים כמו ""דם"" (""נהרות של דם ואש"", ""דמים בדמים נגעו""), חיים (של כלל אזרחי המדינה), וביטחון האומה (""מאזן האומה""). ערכים אלו מוצגים כבלתי ניתנים למשא ומתן.","הטקסט מגייס רגשות מוסריים חזקים: פחד וחרדה מפני ""קטסטרופה"" עתידית, זעם מוסרי כלפי ""קשר השתיקה"", וייסורים ואמפתיה כלפי קורבנות העבר והעתיד (""רשימת החושך"").","הטיעון מבצע ""עבודת גבולות"" מובהקת, המפרידה בין הקהילה המוסרית של ""דוברי האמת"" לבין אלו המשתתפים ב""שתיקה"", ובכך מגדיר את האחרונים כמי שכופרים באחריותם המוסרית לקולקטיב.","עמדת הכותב מפגינה מאפיינים חזקים של שכנוע מוסרי. היא מוצגת כאמת אובייקטיבית ואוניברסלית (התבנית ההיסטורית היא עובדה). היא מפגינה חוסר תלות בסמכות (קריאת תיגר ישירה על הערכות שב""כ וצה""ל). היא מונעת על ידי תחושת חובה מוסרית (חובה לחשוף את האמת) ומביעה חוסר סובלנות כלפי העמדה הנגדית (השתיקה).",הכותב מבנה היררכיה מוסרית ברורה:,"התזה המוסרית המרכזית של הכותב היא שהחלטה על עסקת חטופים, גם אם היא בלתי נמנעת, היא בלתי אחראית ופסולה מוסרית אם אינה מתקבלת לאחר התמודדות ישירה, פומבית וכנה עם ""מחירה הנוראי"" – קרי, הוודאות הסטטיסטית וההיסטורית שהיא תגרום לרצח של אזרחים רבים בעתיד. ההיגיון המארגן את הטיעון הוא היגיון של אחריות טמפורלית: הוא קושר באופן סיבתי ישיר בין החלטות ההווה (העסקה) לבין תוצאות עתידיות קטלניות, תוך שימוש בעסקאות עבר כראיה אמפירית לתבנית חוזרת. המעשה המוסרי הנדרש אינו בהכרח התנגדות לעסקה, אלא ""שבירת חומות השתיקה"" סביב מחירה, והכרה באמת המכאיבה שהעסקה מהווה ""כניעה לטרור"" ו""הפרת חוזה"" עם כלל אזרחי המדינה."
עסקת החטופים המסתמנת במבט מפוכח,Ultra-Nationalism,ערוץ 7,"הטקסט משתמש בשפה אנליטית ופרקטית, אך היא נושאת משמעות מוסרית חזקה. ביטויים כמו ""פגיעה קשה ביותר בהרתעה"" או הצגת העסקה ככזו ש""לא תשרת את המטרה"" של שחרור כל החטופים, מציגים את ההתנגדות לא כהעדפה אלא כקביעה עובדתית לגבי מהו המעשה הנכון והיעיל. השימוש במונח ""מבט מפוקח"" מציג את עמדת הכותב כעליונה מבחינה אפיסטמית ומוסרית.","הטיעון נשען על ערכים מקודשים של ביטחון לאומי וקדושת חיי החיילים. האמירה שהעסקה מבטלת הישגים ""שעלו עד כה במחיר של מאות חיילים הרוגים"" קושרת את הדיון האסטרטגי לערך המקודש של דם החיילים.","הטקסט מציג עצמו כרציונלי ונטול רגש, אך הוא פועל כדי לעורר רגשות מוסריים ספציפיים אצל הקורא, בעיקר **פחד** ו**חרדה** מפני ההשלכות העתידיות של העסקה (חזרת הטרור) ו**כעס** או **זעם צודק** על בזבוז קורבנם של החיילים.","המאמר יוצר גבול מוסרי ברור בין מי שמבין את ""השורה התחתונה"" והאמת האסטרטגית הכואבת, לבין מי שעלול, מתוך חולשה או קוצר ראייה, לתמוך בעסקה שתסכן את הכלל. הוא מגדיר את הקהילה המוסרית הלגיטימית כזו המונחית על ידי שיקולי ביטחון ארוכי טווח.","עמדת הכותב מוצגת בנחרצות ובביטחון המאפיינים שכנוע מוסרי. היא נתפסת כ**אמת אובייקטיבית** הנובעת מ""ניסיון העבר"" ומהתנהגות צפויה של האויב. אין מקום לפשרה או למשא ומתן על העקרונות (אסור לשחרר רוצחים, אסור לפגוע בהרתעה). הטיעון מציג **אוריינטציה של מטרה על פני אמצעים**, כאשר המטרה העליונה היא השגת יעדי המלחמה, והעסקה היא אמצעי פסול המונע את השגתה.","בראש ההיררכיה המוסרית של הכותב ניצב ביטחון הקולקטיב הלאומי בטווח הארוך. ערך זה גובר באופן מוחלט על כל שיקול אחר. תחתיו נמצאת החובה המוסרית כלפי החיילים שנפלו, שהקרבתם לא תהיה לשווא. במקום השלישי נמצאת החובה לשחרר את *כלל* החטופים. בתחתית ההיררכיה נמצא הערך של שחרור *מיעוט* מהחטופים באופן מיידי, המוצג כטוב מוגבל שגורם לנזק גדול יותר בראייה כוללת. חיי אזרחים וחיילים עתידיים מקבלים עדיפות מוסרית על פני חיי החטופים שניתן לשחרר בעסקה הנוכחית.","התזה המוסרית המרכזית של המאמר היא שהסכמה לעסקת החטופים המוצעת מהווה הפקרות מוסרית וכישלון במילוי חובתה הבסיסית של המדינה להבטיח את ביטחון אזרחיה בטווח הארוך. ההיגיון המארגן את הטיעון הוא היגיון תועלתני-ביטחוני, המציג את העסקה כפעולה שמייצרת נזק אסטרטגי ומוסרי עצום ומתמשך, בתמורה לתועלת מוגבלת וקצרת טווח. ההיגיון הפנימי מבוסס על שרשרת סיבתית: ויתורים (שחרור מחבלים, נסיגה) יובילו להתחזקות האויב, אשר תוביל בהכרח לרצח נוסף של ישראלים בעתיד. לפיכך, המעשה המוסרי אינו שחרור 33 חטופים כעת, אלא מניעת הרג של מאות אזרחים וחיילים בעתיד."
"ארבע התצפיתניות חזרו על הרגליים, אך טוטו החטופות בין חמאס לממשלה נמשך",Critical,הארץ,"הכותבת משתמשת בשפה דאונטולוגית (""חייבים להמשיך להילחם"") ובשפה טעונה מוסרית (""עוול נורא"", ""הפקרותיה"", ""מלחמה ארורה"", ""תאוות נקם"", ""מעגל הדמים""). שפה זו מציגה את עמדתה לא כהעדפה אישית אלא כציווי מוסרי אובייקטיבי.","הטיעון נשען על ערכים מקודשים כמו חיים ושלום, ומציב אותם מעל ערכים כמו ניצחון צבאי או סיפוק רגשי לאומי.","הטקסט מגייס רגשות מוסריים. הוא מעורר זעם ותסכול כלפי הממשלה, אמפתיה כלפי החטופות, וחרדה מפני העתיד. המשפט האחרון נועד לעורר חמלה אוניברסלית כלפי כל קורבנות הסכסוך.","הטיעון מבצע עבודת גבולות מורכבת: הוא מחזק את הגבול המוסרי הפנימי בין אלו ש""רואים את האמת"" לבין הממשלה והתקשורת, ובמקביל פועל במכוון לטשטש ולהמיס את הגבול המוסרי הלאומי בין ישראלים לפלסטינים.","עמדת הכותבת מפגינה שכנוע מוסרי חזק. היא מוצגת כאמת אובייקטיבית (""הכל נכון, ועם זאת חלקי ושטחי כל כך""), היא מניעה לפעולה (""אנחנו חייבים להמשיך להילחם""), והיא מפגינה חוסר סובלנות כלפי העמדה הנגדית, אותה היא מתארת כמניפולטיבית ומסוכנת.","- **בראש סדר העדיפויות:** סיום הסכסוך באופן רחב והשגת שלום בר-קיימא. ערך זה מוצג כטוב המוסרי העליון, מכיוון שהוא מונע סבל עתידי הן מישראלים והן מפלסטינים.","התזה המוסרית המרכזית של הכותבת היא שהשמחה על שחרור החטופות, על אף היותה טבעית, משמשת ככלי פוליטי בידי ממשלת ישראל והתקשורת. כלי זה נועד לטשטש כישלונות מוסריים עמוקים יותר: ההפקרה שהובילה לחטיפה, העוול שבעיכוב העסקה, וההסלמה המקבילה של האלימות בשטחים. ההיגיון המארגן של הטיעון הוא קונטרפונקטי: הוא מציב את השמחה המיידית והמוצגת (""הפסטיבל"") כניגוד וכמסך עשן למחויבות המוסרית האמיתית והארוכה, שהיא סיום כולל של הסכסוך כדי למנוע סבל עתידי מישראלים ופלסטינים כאחד."
אני מכחישה את טבח שמיני עצרת. היה טבח ב–7 באוקטובר,Critical,הארץ,"המאמר משתמש בשפה שקובעת עובדות מוסריות ולא מציגה העדפות. לדוגמה, הקביעה שהחטופים ""חשובים פחות מקואליציה"" אינה מוצגת כדעה, אלא כאבחנה של מציאות מוסרית. השימוש במטאפורה ""סיכה צהובה על דש חליפת הגנב"" הוא קביעה מוסרית נחרצת המציגה את המצב כעובדה אובייקטיבית של צביעות.","הטיעון נשען על ערכים מקודשים כמו חיי אדם (החטופים), אמת (זיכרון אותנטי מול ""מיתוג""), וצדק (דרישה לאחריותיות). ערכים אלו מוצגים כבלתי ניתנים להמרה באינטרס פוליטי.","הטקסט מגייס רגשות מוסריים של כעס וזעם על העוול הנגרם לחטופים ולמשפחותיהם, ובוז כלפי הצביעות של הממשלה. הוא גם מעורר חמלה כלפי הקורבנות.","המאמר מבצע ""עבודת גבולות"" (Boundary-Work) אינטנסיבית. הוא משרטט גבול מוסרי חד בין הציבור הסולידרי לבין הממשלה המנכרת והאנוכית, ובכך מגדיר את הממשלה מחוץ לקהילה המוסרית הלאומית.","עמדת הכותבת מפגינה שכנוע מוסרי גבוה. היא מוצגת כאמת אובייקטיבית (""וזאת הרי הנקודה""), אוניברסלית (החובה לדאוג לאזרחים), ומלווה בחוסר סובלנות מוחלט כלפי עמדת הממשלה, הנתפסת לא כשגויה אלא כבלתי לגיטימית מבחינה מוסרית.","- **בראש סדר העדיפויות:** חיי החטופים, אחריותיות ממלכתית (ועדת חקירה ממלכתית), זיכרון אותנטי של האירועים, ואמון הציבור. ערכים אלו מוצגים כקדושים ובלתי ניתנים למשא ומתן.","התזה המוסרית המרכזית של המאמר היא שהממשלה הנוכחית מבצעת אקט של ""הכחשה"" מוסרית של טבח 7 באוקטובר, לא באמצעות הכחשת העובדות, אלא באמצעות שימוש ציני במנגנוני זיכרון והנצחה סמליים (כגון שינוי שם הטבח וחקיקת חוקים) כדי להסיט את תשומת הלב מאחריותה הישירה למחדל ולכישלונה המתמשך בטיפול במשבר החטופים. ההיגיון המארגן של הטיעון הוא היגיון של היפוך ואירוניה מוסרית: הדוברים בשם ההנצחה והזיכרון הלאומי הם, לטענת הכותבת, המכחישים הגדולים ביותר של האירוע, שכן ""הכחשתם"" מתבטאת במעשיהם – הימנעות מחקירה, הזנחת החטופים ומתן עדיפות לאינטרסים פוליטיים על פני חיי אדם."
"אחרי הפסקת האש, המלחמה הסמויה שעדיין מתנהלת היא זו של נתניהו באזרחים",Critical,הארץ,"הכותבת משתמשת בשפה טעונה מוסרית ורווית שיפוט, כגון ""הריאלטי האכזרית ביותר"", ""עינויי נפש"", ""שקרים מכוונים ומניפולציות"", ""חבלה מכוונת"", ""פשעי מלחמה"". השימוש במונחים אלה מעביר את הדיון מהתחום האסטרטגי לתחום המוסרי של טוב ורע מוחלטים.","הטיעון נשען על ערכים מקודשים של אמת, אמון בין אזרח למדינה, ודאגה אנושית בסיסית. ההתקפה על הממשלה אינה על מדיניותה, אלא על בגידתה בערכים אלה.","המאמר מגייס רגשות מוסריים של זעם וכעס כלפי הממשלה, וחמלה ואמפתיה כלפי משפחות החטופים. הפתיחה האישית, המתארת את ההיכרות עם דודתה של ארבל יהוד, היא מנגנון מובהק לעירוב הקורא ולגיוס רגש האמפתיה.","המאמר מבצע ""עבודת גבולות"" (Boundary-Work) רדיקלית. הוא מפרק את הגבול המקובל בין ""ישראל"" ל""חמאס"" כציר המוסרי המרכזי, ובמקומו בונה גבול חד ונוקב בין ""אזרחי המדינה"" לבין ""נתניהו"". בכך הוא מגדיר מחדש את הקהילה המוסרית ואת מי שנמצא מחוצה לה.","הכותבת מציגה את עמדתה כשכנוע מוסרי עמוק. היא אינה מציגה את התנהלות נתניהו כטעות אסטרטגית, אלא כעוול מוסרי מוחלט. הטיעון מציג את עמדותיה כאמת אובייקטיבית (""הכשל הטרגי... ידועים כיום לכולם"") ודוחה את הנרטיבים הרשמיים (""הסלוגן השקרי""). טון הכתיבה הנחרץ והשימוש בשפה שיפוטית חזקה מעידים על שכנוע מוסרי גבוה, שאינו נתון למשא ומתן או פשרה. ---","בראש ההיררכיה המוסרית של הכותבת ניצבים ערכי האמת, השקיפות והאחריות של שלטון כלפי אזרחיו. מיד אחריהם נמצאת החובה האנושית לאמפתיה ולסולידריות עם קורבנות. בתחתית ההיררכיה נמצאים טיעונים ביטחוניים או אסטרטגיים (כמו ""לחץ צבאי""), המוצגים כסיסמאות ריקות או כשקרים מכוונים שנועדו להסוות מניעים פוליטיים ציניים. המאבק בחמאס, על אף שהוא מוכר כלגיטימי, נדחק לעמדה משנית בחשיבותו המוסרית ביחס למאבק הפנימי על האמת.","התזה המוסרית המרכזית של המאמר היא שממשלת ישראל, ובנימין נתניהו באופן אישי, נושאים באחריות המוסרית העיקרית לסבלו של הציבור הישראלי, וזאת באמצעות מדיניות מכוונת של הונאה, מניפולציה והסתרת האמת. ההיגיון המארגן של הטיעון הוא היפוך של נרטיב ברירת המחדל: בעוד שהאויב החיצוני (חמאס) מוכר כרע, הוא מוצג כגורם משני לסבל הציבורי. האיום המוסרי העיקרי, על פי הכותבת, הוא פנימי – ממשלה הלוחמת באזרחיה באמצעות שליטה במידע ובאמצעות שימוש ציני בקורבנות."
"המורה התייפחה כשדיברה על ילדי עזה, ואז מסרה שהמנהל ביטל את המפגש",Critical,הארץ,"הכותבת משתמשת בשפה דאונטולוגית ואוניברסלית. היא לא מציגה את עמדתה כהעדפה, אלא כעמדה הנכונה באופן אובייקטיבי. היא מגנה את המנהל במונחים מוסריים נחרצים (""התקרנפות"") ומתייחסת לאמפתיה כבסיס לאנושיות, תוך ציטוט פילוסופי (ארנדט) המעניק לטענה תוקף אוניברסלי.","הטיעון נשען על ערכים מקודשים כמו **חיי חפים מפשע**, **אמפתיה**, **אמת** ו**חופש הביטוי**. היא מציבה אותם כערכים עליונים מול ערכים אחרים שהיא רואה כנחותים, כמו נאמנות עיוורת לקולקטיב (צה""ל).",הטקסט מגייס רגשות מוסריים באופן מובהק: **זעם ובוז** כלפי הצביעות והפחדנות של המנהל; **אמפתיה וחמלה** כלפי הילדים בעזה והמורה הבוכה; ו**תסכול** מחוסר היכולת לנהל שיח רציונלי.,"כפי שפורט, המאמר הוא אקט של עבודת גבולות. הוא מפרק את הגבול שהציב המנהל (לגיטימי/קיצוני) ובונה גבול חדש (אמפתי/ברברי), ובכך מגדיר מחדש את הקהילה המוסרית הראויה.","עמדותיה של הכותבת מוצגות כנובעות משכנוע מוסרי עמוק. היא תופסת אותן כאמת אובייקטיבית ואוניברסלית (הומניזם עדיף על גזענות), הן מחייבות אותה לפעולה (לא לוותר על עקרונותיה), והיא מפגינה חוסר סובלנות כלפי העמדה הנגדית, שאותה היא רואה כפסולה מיסודה (ההשוואה לרב אבינר). גם עמדת ההורים, כפי שהיא מתוארת, נובעת משכנוע מוסרי, מה שמסביר את עוצמת ההתנגדות והסירוב לפשרה.","בראש ההיררכיה המוסרית של הכותבת ניצבים **אמפתיה אוניברסלית** (היכולת לחוש את כאבם של חפים מפשע בשני הצדדים) ו**אומץ מוסרי** (הנכונות להשמיע דעות לא פופולריות ולעמוד מול לחצים). אחריהם נמצאים ערכים כמו **חופש ביטוי**, **שיח ביקורתי** ו**יושרה אינטלקטואלית**. בתחתית ההיררכיה נמצאות **התקרנפות** (קונפורמיות מתוך פחד), **צביעות**, **אטימות מוסרית** (חוסר יכולת לראות את סבל האחר), ו**לאומנות שבטית** המציבה את נאמנות לקולקטיב (צה""ל) מעל עקרונות מוסר אוניברסליים.","התזה המוסרית המרכזית של המאמר היא שביטול המפגש עם הכותבת אינו החלטה ניהולית או ערכית לגיטימית, אלא אקט של כניעה מוסרית (""התקרנפות"") המייצג כשל חברתי רחב יותר: אובדן האמפתיה והשתקת קולות הומניסטיים בישראל. ההיגיון המארגן של הטיעון בנוי על סדרה של ניגודים אירוניים ומוסריים: בין הערכים המוצהרים של בית הספר (אחריות, דרך ארץ, מצוינות, מעורבות, חופש ביטוי) לבין פעולותיו בפועל (צנזורה, ביטול, כניעה ללחץ); בין האנושיות האותנטית של המורה הבוכה לבין הגישה המתגוננת והבירוקרטית של המנהל; ובין הביקורת ההומניסטית הלגיטימית של הכותבת לבין הגזענות של הרב אבינר, שהמנהל כורך אותן יחד באופן שגוי מוסרית."
המסר של אילה חסון היה ברור: תהיו טובות ותשתקו או שלא תחבקו את ילדיכן,Critical,הארץ,"הטקסט משתמש בשפה דאונטולוגית חזקה של חובה וציווי (""צריך היה לסיים"", ""להפסיק להקריב""). בנוסף, נעשה שימוש במונחים בעלי מטען מוסרי כבד כמו ""הפקרה"", ""סיוט"", ""ממשלת הדמים"" ו""מזבח"", הממקמים את הדיון במרחב המוסרי ולא האסטרטגי.","הטיעון נסמך באופן מובהק על ערכים מקודשים: ""חיי אדם"", הקשר בין אם לילדיה (""לחבק את בנינו חיים""), וההתנגדות להקרבת קורבנות אדם (""על מזבח חלומות משיחיים"").","הטקסט מגייס רגשות מוסריים באופן אינטנסיבי. הוא נע בין שמחה מהולה בכאב (""השמחה על בלימה""), כאב על האובדן (""העיניים מתמלאות דמעות""), זעם מוסרי כלפי הממשלה, ותקווה. הרגשות אינם רק תיאור פרטי, אלא הכלי המרכזי להעברת המסר המוסרי על חומרת המצב.","הטיעון מבצע עבודת-גבולות (Boundary-Work) ברורה. הוא יוצר ""קהילה מוסרית"" של אימהות ומשפחות המאוחדות סביב ערך החיים, ומציב מולה את הממשלה ואת נציגי השיח הציבורי כ""אחר"" המוסרי, זה שמפר את הצו המוסרי העליון.","העמדה המוצגת במאמר מפגינה רמה גבוהה של שכנוע מוסרי. היא מוצגת כאמת אובייקטיבית ומוחלטת (""ממשלת הדמים"", ""מלחמה שאפשר וצריך היה לסיים""). היא מפגינה עצמאות מסמכות (התנגדות לממשלה) ומעמיתים (דחיית המסר של אילה חסון), ומלווה ברגשות עזים. הכותבת אינה מציגה את עמדתה כהעדפה, אלא כציווי מוסרי שאין לסטות ממנו.","בראש ההיררכיה המוסרית של הכותבת ניצב באופן מוחלט ערך **החיים** – חייהם הקונקרטיים של החטופים ושל בנה וחייליו (""לחבק את בנינו חיים ולא מצבת אבן""). מיד מתחתיו נמצאת החובה המוסרית לפעול למען הצלת חיים באמצעות **הסדר מדיני**. בתחתית ההיררכיה, ומוצגים כלא-לגיטימיים, נמצאים ""חלומות משיחיים"", הצהרות פוליטיות, והמשך המלחמה לשם עצמו. המאמר מציג דיכוטומיה ברורה: עולם הערכים של האימהות (חיים, אמפתיה, אחריות קונקרטית) מול עולם הערכים של הממשלה (אידיאולוגיה, דם, הקרבה חסרת תוחלת).","התזה המוסרית המרכזית של המאמר היא שהמשך המלחמה על ידי הממשלה מהווה הפקרה מוסרית אקטיבית של חיי חיילים וחטופים כאחד, וכי חובתה המוסרית העליונה של המדינה היא להפסיק את הקרבת הבנים והבנות למען אידיאולוגיה משיחית ולפעול באופן מיידי להצלת חיים באמצעות הסדר מדיני. ההיגיון המארגן של הטיעון הוא הצבת ערך קדושת החיים, כפי שהוא מתבטא בקשר האימהי-קונקרטי (""לחבק את בנינו חיים""), כערך אבסולוטי העומד בניגוד מוחלט ובלתי מתפשר לערכים המופשטים (""חלומות משיחיים"") של הממשלה, המוצגים כלא לגיטימיים."
"7 באוקטובר לא היה שואה. אבל איך הייתם קוראים למה שצה""ל עושה בעזה?",Critical,הארץ,"הטקסט משתמש בשפה דאונטולוגית חזקה (""לא מותר"") ובקביעות בעלות אופי אוניברסלי (""גיבור בן גיבורים"" באירוניה). הוא מציג את טענותיו כעובדות אובייקטיביות ולא כהעדפות אישיות.","הטיעון נשען על ערכים מקודשים כמו ""חירות"" ו""חיים"", אך הוא עושה זאת תוך החלתם באופן אוניברסלי על הפלסטינים, ובכך חותר תחת השימוש הפרטיקולרי שנעשה בהם בשיח הישראלי.","המאמר מגייס רגשות מוסריים באופן מובהק: הוא מבקש לעורר כעס וזעם על העוול והצביעות, וחמלה כלפי הסבל הפלסטיני. תיאור המנהיג כ""מלך עירום"" נועד לעורר בוז.","המאמר עוסק באופן אינטנסיבי ב""עבודת גבולות"". הוא תוקף את הגבול המוסרי הקיים בין ""העם הנבחר"" ל""גויים"", ומנסה לפרק אותו ולהחליפו בגבול בין צדק לעוול, ובין אחריות לחוסר אחריות.","הכותב מפגין שכנוע מוסרי (Moral Conviction) גבוה. עמדתו מוצגת כאמת אובייקטיבית ואוניברסלית, לא כדעה. הוא מביע חוסר סובלנות מוחלט כלפי העמדה הנגדית (המיוצגת על ידי המנהיג ""חסר המצפון"") ופועל מתוך תחושת חובה מוסרית לחשוף את האמת.","בראש ההיררכיה המוסרית של הכותב ניצבים עקרונות אוניברסליים של צדק, שוויון וחמלה, החלים על כל בני האדם ללא קשר ללאום. זכותם של הפלסטינים לחירות ולמדינה, והכרה בסבלם, נמצאים בעדיפות מוסרית עליונה. בתחתית ההיררכיה נמצאת המוסריות הלאומנית-פרטיקולרית, אותה מכנה הכותב ""מה שמותר לעם הנבחר"", וכן הלגיטימיות המוסרית של ההנהגה הישראלית הנוכחית ושל המלחמה בעזה, אותה הוא שולל מכל וכל.","התזה המוסרית המרכזית של המאמר היא קיומו של סטנדרט כפול ועמוק במוסר הישראלי, המבחין באופן קטגורי בין יהודים לפלסטינים. לפי הכותב, המערכת המוסרית הישראלית מעניקה קדושה וחסינות מובנית לחיילים ישראלים וסבל ישראלי, ובמקביל מבצעת דמוניזציה ודה-הומניזציה לפלסטינים, למאבקם ולסבלם. ההיגיון המארגן של המאמר הוא היגיון של היפוך סימטרי וניגוד (קונטרסט): הכותב מציב באופן שיטתי ""תמונות מראה"" – חיילות משוחררות מול אסירים משוחררים, שמחה ישראלית מול שמחה פלסטינית מדוכאת, ""שואת"" 7 באוקטובר מול ההרס בעזה – כדי לחשוף ולהמחיש את הצביעות והכשל המוסרי שהוא מזהה."
"זו עסקה נפלאה, זו עסקה איומה",Critical,וואלה,"הטקסט משתמש בשפה דאונטולוגית מובהקת (""ראוי"", ""צריך לשאת באחריות"") ובקביעות אוניברסליות (""חיי אדם הם עולם ומלואו""). הוא מציג את טענותיו כעובדות מוסריות אובייקטיביות ולא כהעדפות אישיות.","הטיעון נסמך באופן ישיר על ערכים מקודשים כמו ""חיים"" ו""דם"", ומשתמש בהם כדי לערער על היררכיות פוליטיות מקובלות.","המאמר מגייס רגשות מוסריים עזים: זעם וכעס כלפי נתניהו, גועל מהציניות הפוליטית (""מחורבנת""), וחמלה עמוקה כלפי כלל הקורבנות.","כפי שפורט, המאמר עוסק באופן אקטיבי בפירוק גבולות קיימים (ישראלים/פלסטינים) ובניית גבולות חדשים (עם/מנהיגים), שהיא פעולה מובהקת של עבודת-גבולות מוסרית.","עמדת הכותב מובעת בשכנוע מוסרי גבוה. היא מוצגת כאמת אובייקטיבית ואוניברסלית (הצלת חיים היא ערך עליון תמיד, ציניות פוליטית היא רעה תמיד). היא מפגינה חוסר סובלנות מוחלט כלפי העמדה הנגדית (המתנגדים לעסקה או התומכים בנתניהו), אשר לא נתפסת כטעות אלא כשחיתות מוסרית.","- **בראש סדר העדיפויות:** חיי אדם קונקרטיים, ללא הבחנה. זה כולל את החטופים, משפחותיהם, חיילים, וגם אזרחים חפים מפשע בעזה. הצלת חיים היא הציווי המוסרי העליון.","התזה המוסרית המרכזית של המאמר היא שעסקת החטופים היא בו-זמנית מעשה הומניטרי הכרחי (""נפלאה"") ופעולה פוליטית מפלצתית (""איומה ונוראה""). ההיגיון המארגן את הטיעון הוא הניגוד הטרגי והבלתי נמנע בין שני היבטים אלה. המאמר טוען כי בעוד שהצלת חיי אדם היא ערך עליון, המבנה, העיתוי וההקשר של העסקה הנוכחית הופכים אותה למכשיר של עינוי פסיכולוגי המשרת את האינטרסים הפוליטיים של מנהיגים ציניים משני הצדדים, ובראשם בנימין נתניהו ויחיא סינוואר, המוצגים כשותפים. ההיגיון הפנימי מציג את המציאות לא כבחירה בין טוב לרע, אלא ככניעה להסדר שהוא רע הכרחי, אשר נכפה על הציבור עקב כישלונות מוסריים ופוליטיים קודמים."
"מבחינת עירית לינור, גם ילדה עזתית בת שלוש היא ""עמלק""",Critical,הארץ,"הטקסט משתמש בשפה של ציווי מוסרי מוחלט וקביעות אוניברסליות (""הדברים המחליאים ביותר שאפשר לקרוא"", ""זה לא רוע בנאלי. זה רוע שטני, צרוף"").","הטיעון נסמך על ערכים מקודשים של חיי אדם, חמלה, ובעיקר קדושת חיי ילדים, ומציב אותם כנגד הערך המקודש שלינור מציגה (""מחיית עמלק"").","הטקסט מגייס רגשות מוסריים עזים: הוא מבקש לעורר **חמלה (Compassion)** ו**עצב (Sadness)** כלפי הקורבנות, ומביע **גועל (Disgust)** ו**זעם (Anger)** כלפי עמדתה של לינור. הוא מאבחן את עמדתה של לינור כנובעת מרגש ה**בוז (Contempt)**.","המאמר כולו הוא אקט של **עבודת-גבולות (Boundary-Work)**, המגדיר את תומכי עמדת לינור כנמצאים מחוץ לקהילה המוסרית האנושית.","הכותב מתאר את עמדתה של לינור ככזו המוחזקת ב**שכנוע מוסרי (Moral Conviction)** עמוק: היא מוצגת כאבסולוטית, אוניברסלית (ציווי אלוהי), ולא נתונה למשא ומתן. גם עמדתו של הכותב עצמו מובעת בשכנוע מוסרי מוחלט; השימוש בביטויים כמו ""רוע שטני"" ו""מחליא"" מאפיין תגובה להפרה של עמדה בעלת שכנוע מוסרי עמוק.","בראש ההיררכיה המוסרית של הכותב ניצבת קדושת חייו של כל אדם באשר הוא אדם, ובפרט חיי ילדים ותינוקות חפים מפשע. האמפתיה והחמלה כלפי הסבל האנושי הקונקרטי הן הערך העליון. בתחתית ההיררכיה נמצאים ציוויים דתיים-לאומיים אבסטרקטיים (""מחיית עמלק"") המשמשים להצדקת אלימות והשמדה. ההיגיון הביטחוני או הלאומי נדחק לחלוטין מפני הצו המוסרי האוניברסלי להגן על חיי אדם.","התזה המוסרית המרכזית של המאמר היא שהקריאה של עירית לינור ל""מחיית עמלק"" בהקשר של המלחמה בעזה אינה מהלך רטורי או טיעון פוליטי, אלא ביטוי ל""רוע שטני, צרוף"". ההיגיון המארגן של המאמר הוא תהליך של חשיפה והסלמה: הוא מתחיל בהצגת הטיעון של לינור, ממשיך בפירוק הטיעון על ידי הצגת קורבנותיו האנושיים והקונקרטיים, מאבחן את שורשו הפסיכולוגי-מוסרי של הטיעון (""בוז""), ולבסוף מציג את מסקנתו הלוגית והמזעזעת ביותר (השוואה להשמדה בתאי גזים)."
"צה""ל מתעלל, הורס ומשטח, אבל הרצי הלוי נשאר קדוש מעונה",Critical,הארץ,"הכותב משתמש בשפה דאונטולוגית ואוניברסלית. ביטויים כמו ""פשעי מלחמה"", ""טיהור אתני"" ו""זוועה"" מציגים את פעולות צה""ל כרעות באופן מוחלט ואובייקטיבי. השאלה הרטורית ""איך אפשר?"" אינה מבקשת מידע, אלא קובעת שישנה חובה מוסרית להתנגד למצב המתואר.","הטיעון נשען על ערכים מקודשים של חיי אדם וצדק אוניברסלי. הוא מבקר את השמאל-מרכז על כך שהמיר ערכים אלה בערך המקודש-לכאורה של התנגדות לנתניהו, והפך את הצבא ל""פרה קדושה"".","המאמר מגייס רגשות מוסריים. הוא מבטא זעם ובוז כלפי הצביעות של השמאל-מרכז. הוא מתאר את ""צימאון הדם"" של הימין, ומציין כי פניו של הלוי מעוררים ""אהדה"", רגש שלדעתו אינו במקומו בהתחשב במעשיו.",הטיעון עוסק באופן מובהק בעבודת-גבולות. הוא מפרק את הגבול הפוליטי המקובל ומייצר גבול מוסרי חדש בין מי ששופט את המציאות על בסיס עקרונות אוניברסליים לבין מי שכפוף ללוגיקה שבטית-פוליטית.,"המאמר מתאר את עמדת השמאל-מרכז כתופעה בעלת מאפיינים של שכנוע מוסרי (Moral Conviction): היא מוחלטת, אוניברסלית (בתוך המחנה), ומובילה לדחייה של כל עמדה אחרת. עם זאת, הכותב מערער על הלגיטימיות של שכנוע מוסרי זה, בטענה שהוא אינו נובע מערכי ליבה אמיתיים אלא משנאה פוליטית.","בראש ההיררכיה המוסרית של הכותב ניצבת אחריות אוניברסלית ושיפוט מוסרי המבוסס על מעשים, במיוחד בכל הנוגע לפגיעה בחפים מפשע. ערך זה גובר על כל נאמנות פוליטית או שבטית. בתחתית ההיררכיה נמצאת הנאמנות המחנאית, ובפרט ההתנגדות לנתניהו, אותה מציג הכותב כערך נחות שהשתלט באופן מעוות על השיח והפך לעיקרון המארגן היחיד עבור השמאל-מרכז, תוך שהוא דוחק כל שיקול מוסרי אחר.","התזה המוסרית המרכזית של הכותב היא שהשמאל-מרכז הישראלי ביצע אקט של התאבדות מוסרית בכך שהפך את הרמטכ""ל, הרצי הלוי, לגיבור ולקדוש מעונה. ההיגיון המארגן של הטיעון הוא סיבתי: שנאה פתולוגית וטוטאלית לבנימין נתניהו היא הגורם היחיד שהוביל ל""טירוף מערכות"" זה. לפי היגיון זה, כל מי שנתניהו מתנגד לו הופך אוטומטית ל""יקיר השמאל"", ללא קשר למעשיו או אחריותו. בכך, השמאל-מרכז נוטש כל אמת מידה מוסרית אוניברסלית ומכפיף את שיפוטו באופן מוחלט לחלוקה הפוליטית הפנימית סביב אישיות אחת, ובכך הופך שותף לפשעים שהוא עצמו היה אמור לגנות."
"אמנם מה שמתרחש בעזה אינו אושוויץ, אך זו אותה משפחה — פשע השמדת עם",Critical,הארץ,"הכותב משתמש בשפה דאונטולוגית ואוניברסלית. הוא לא מביע העדפה (""אני חושב שזה רע"") אלא קובע עובדה מוסרית-משפטית (""ישראל אכן מבצעת ג'נוסייד""). השימוש במונחים כמו ""פשע"", ""זוועות"", ""המעשה הנורא הזה"" ו""פשע השמדת עם"" ממקם את הדיון במרחב של חובות ואיסורים אובייקטיביים.","הטיעון נשען על ערכים מקודשים של קיום אנושי וקולקטיבי. הוא מגדיר את הפעולה הישראלית כפגיעה בערך העליון – זכותו של עם להתקיים. ההשוואה, גם אם מסויגת, ל""משפחה"" של השואה, מעגנת את הטיעון בתוך מרחב הערכים המקודשים ביותר בשיח המערבי והיהודי.","הטקסט אינו רגשני באופן ישיר, אך הוא בנוי כדי לעורר בקורא הישראלי רגשות מוסריים עתידיים, בעיקר אשמה ובושה קולקטיבית (""ניאלץ להסתכל על עצמנו במראה"", ""הג'נוסייד שיכתים את ההיסטוריה היהודית""). הטון הכללי הוא של כאב (""מסקנה כואבת"") ודחיפות מוסרית.","המאמר מבצע עבודת-גבולות חדה. הוא משרטט גבול בין אלו שמכירים באמת (הכותב, משפטנים בינלאומיים) לבין הרוב הישראלי שמכחיש אותה. בסופו של דבר, הוא כולל את כלל החברה הישראלית בתוך הגבול של קהילת המבצעים (""חברה ש... ביצעה"").","עמדת הכותב מפגינה את כל המאפיינים של שכנוע מוסרי. היא מוצגת כ**אמת אובייקטיבית ואוניברסלית** (""ישראל אכן מבצעת... ג'נוסייד""), ולא כהעדפה. היא **אבסולוטית** ואינה נתונה למשא ומתן. היא מציגה **מנדט מוסרי** לדבר ולהתריע. ניכרת בה **עצמאות מסמכות ומקונצנזוס** (התנגדות לעמדת הרוב הישראלי).","בראש ההיררכיה המוסרית של הכותב ניצב העיקרון האוניברסלי של איסור על רצח עם. החובה לכנות את הפשע בשמו המדויק ולהתמודד עם האמת ההיסטורית גוברת על שיקולים של הגנה עצמית לאומית או נאמנות קולקטיבית. סבלם של הפלסטינים בעזה, ובפרט של ""הבלתי מעורבים"", נמצא בראש סדר העדיפויות המוסרי. מעשי הזוועה של חמאס מוכרים כעובדה, אך ממוקמים נמוך יותר בהיררכיה, שכן הם אינם ""מייתרים את הצורך להגדיר בצורה מדויקת"" את פשעיה של ישראל. בתחתית ההיררכיה נמצאת התפיסה הישראלית הרווחת של המלחמה כ""מלחמת מגן"", אותה הכותב ממסגר כהצדקה עצמית שאינה עומדת במבחן המציאות.","התזה המוסרית המרכזית של המאמר היא שפעולותיה של ישראל בעזה מהוות פשע של רצח עם (ג'נוסייד) על פי הגדרות משפטיות והיסטוריות. ההיגיון המארגן של הטיעון הוא משפטי-השוואתי: הוא מבסס את הטענה לא על ידי הבעת זעזוע מוסרי בלבד, אלא על ידי בניית טיעון שיטתי שמטרתו להוכיח כי מעשי ישראל עומדים בקריטריונים המקובלים להגדרת ג'נוסייד, תוך התמודדות עם התנגדויות נפוצות והצבת המקרה הנוכחי בהקשר היסטורי רחב של פשעים דומים."
קשה לקריאה: זה המחיר של הצלת חיי נפשות בישראל - והחורים בעסקת החטופים,Ethno-Religious,כיכר השבת,"הטקסט משתמש באופן עקבי בשפה דאונטית ואוניברסלית. קביעות כמו ""התורה היא היחידה שיכולה לקבוע"", ""היא גם זו שצריכה לענות"", והציטוט ""לא תסור"" בסיום, מציגות את העמדה כציווי מוחלט ולא כהעדפה.","הטיעון נשען על ערכים מקודשים: ""תורתנו הקדושה"", ""חיילים קדושים"", ""דם רב"", והמושג המופשט של ""נפשו של יהודי"". ערכים אלה מוצגים כבלתי ניתנים למשא ומתן או לכימות כלכלי.","המאמר אינו מביע רגש ישיר, אך הוא בנוי כדי לעורר רגשות מוסריים אצל הקורא. תיאור חמאס כ""שטן"" ו""ארורים"" מגייס רגשות של גועל וזעם. הדיון ב""משפחות שכולות"" ו""חיילים קדושים"" מגייס חמלה, כבוד וחובה.","הטיעון מבצע עבודת-גבולות ברורה, כפי שפורט לעיל, על ידי שרטוט קו בין הקהילה המוסרית המקבלת את סמכות התורה לבין כל השאר.","העמדה המוצגת מפגינה מאפיינים חזקים של שכנוע מוסרי. בפרט, **Perceived Objectivity and Universality**: הטענה שהתורה היא ""היחידה שיכולה לקבוע"" מה טוב ורע היא הצהרה על אמת מוסרית אובייקטיבית ומוחלטת, שאינה נתונה לפרשנות אישית או להעדפה. כמו כן, ניכרת **Authority and Peer Independence** (עצמאות מסמכות ומעמיתים): הכותב דוחה במשתמע את הלגיטימיות של כל סמכות אחרת (מדינית, צבאית) לקבוע הכרעות מוסריות, ומקבל רק את הסמכות הדתית העליונה.","1. **בראש ההיררכיה:** ציות לסמכות התורה ו""גדולי ישראל"". ערך זה מוצג כערך-על אבסולוטי, הגובר על כל שיקול אחר.","התזה המוסרית המרכזית של המאמר היא שסמכות מוסרית לגיטימית ויחידה לקביעת טוב ורע, במיוחד בהקשר של דיני נפשות לאומיים, נתונה באופן בלעדי ל""תורתנו הקדושה"" כפי שהיא מתפרשת על ידי ""מנהיגיה הרוחניים של האומה"" (""גדולי ישראל""). ההיגיון המארגן של הטקסט נבנה על מתח: מצד אחד, הכותב מצהיר על כפיפות מוחלטת לסמכות הרבנית, המצוטטת כתומכת בעסקה כמעט פה אחד. מצד שני, גוף המאמר מוקדש לפירוט שיטתי של ההשלכות השליליות והכישלונות המוסריים והאסטרטגיים, לשיטתו, הגלומים בעסקה. לפיכך, ההיגיון המארגן אינו הצדקה ישירה של העסקה, אלא הצגה של ה""מחיר"" הכבד וה""חורים"" שבה, תוך קבלת הדין שהסמכות המוסרית העליונה הכריעה שיש לשלם מחיר זה. הטיעון אינו ""העסקה טובה"", אלא ""הסמכות המוסרית קבעה שיש לבצע את העסקה, וזהו פירוט המחיר הנורא שהיא גוזרת עלינו""."
ניצחון הרוח,Ethno-Religious,ערוץ 7,"הכותב אינו מציג דעה, אלא קובע עובדות מטאפיזיות ואוניברסליות. משפטים כמו ""החיים חזקים הם מהמוות"" או ""הנשמה שלנו גדולה היא"" מנוסחים כאמיתות אובייקטיביות. השימוש בציטוטים מכתבי הרב קוק והכוזרי נועד לבסס את הטענות לא כפרשנות אישית אלא כחלק ממסורת של אמת נצחית.","הטיעון נסמך באופן בלעדי על ערכים מקודשים: ""נשמה"", ""אמונה"", ""טהרה"", ""נצח ישראל"", ""חיים"". ערכים אלו מוצגים כבלתי ניתנים למשא ומתן או לצמצום לכדי אינטרס חומרי.","הטקסט אינו מביע רגשות באופן ישיר, אך הוא בונה נרטיב המעורר רגשות מוסריים. הוא שואף לעורר **גאווה (Pride)** קולקטיבית ב""עוצמות היהודיות"" ו**אמונה (Hope)** בניצחון המובטח. במקביל, הוא ממסגר את האויב באופן המעורר **בוז (Contempt)** ו**גועל (Disgust)** מוסרי (""אויב שפל"", ""אלימות בזויה"").","הטקסט מבצע עבודת גבולות חדה וברורה בין ה""פנים"" ל""חוץ"". הוא יוצר **Moral Boundary** מוחלט בין ""אנחנו"" (עם ישראל, נושאי הנשמה האלוהית, החיים והאור) לבין ""הם"" (האויב, חסרי הרוח, המוות והחושך). במקביל, הוא פועל למחיקת גבולות פנימיים כדי לבנות קהילה מוסרית אחת, מאוחדת והומוגנית. **ניתוח 4 המנגנונים להגדרת המוסר:** 1. **Social Norms, Rules, and Codes:** מנגנון זה אינו מרכזי. המוסר בטקסט אינו נובע מציות לנורמות חברתיות, אלא מהתגלמות של מהות פנימית, אלוהית. 2. **Discourse, Narratives, and Moral Vocabularies:** זהו המנגנון הדומיננטי ביותר. הכותב משתמש באופן מובהק ב""אוצר מילים מוסרי"" (Moral Vocabulary) השאוב מההגות הציונית-דתית (הרב קוק, הכוזרי). הוא מפעיל נרטיב של גאולה, עליונות הרוח ונצח ישראל כדי למסגר את האירוע ולהעניק לו משמעות מוסרית ספציפית. 3. **Group Membership and Symbolic Boundaries:** מנגנון זה מרכזי ביותר. המוסר מוגדר באופן מוחלט על ידי השתייכות קבוצתית. ה""טוב"" הוא מה שמבטא את המהות של הקבוצה (""עוצמות יהודיות"", ""הד.נ.א. של עם ישראל""). המאמר משתמש באירוע כדי לחזק את הגבול הסמלי בין הקבוצה לבין אויביה. 4. **Institutional Logics and Roles:** מנגנון זה אינו רלוונטי לטקסט. ההיגיון המוצג הוא תיאולוגי ומטאפיזי, ולא כזה הנובע ממוסדות חברתיים כמו משפט, כלכלה או בירוקרטיה. **ניתוחים ספציפיים:**",העמדה המוצגת בטקסט מפגינה את כל המאפיינים של שכנוע מוסרי עמוק:,"הטקסט מבנה היררכיה מוסרית ברורה ומוחלטת: - **בראש ההיררכיה:** הרוח, הנשמה, האמונה, הטהרה, החוסן האלוהי, החיים, נצח ישראל. אלו ערכים מוחלטים, נצחיים ובלתי ניתנים לכיבוש. - **בתחתית ההיררכיה:** הכוח הפיזי, האלימות, השבי הגופני, השפלות, המוות. אלו מייצגים ממד נחות, זמני וחסר יכולת להכריע את הממד הרוחני. המאמר קובע במפורש כי כיבוש פיזי (""כשנכבשת"") אינו סותר ניצחון רוחני (""כובשת היא""), ובכך ממסד את עליונותה המוחלטת של הרוח על פני החומר.","התזה המוסרית המרכזית של המאמר היא ששחרורה של אגם ברגר אינו אירוע פוליטי או צבאי, אלא התגלות של אמת מטאפיזית: ניצחונה המוחלט והמתמשך של הרוח היהודית, האלוהית והנצחית, על פני הכוח הפיזי, הברוטלי והשפל של האויב. ההיגיון המארגן של הטיעון הוא דואליסטי ומדרגי: הוא מבחין באופן חד בין ממד הרוח (הנשמה, האמונה, הטהרה) לממד החומר (הגוף, הכוח, האלימות), וקובע היררכיה ברורה שבה הרוח תמיד גוברת על החומר. לפיכך, המאמר טוען כי הניצחון האמיתי אינו תלוי בתוצאות בשדה הקרב או במשא ומתן, אלא הוא מצב קיומי אינהרנטי, הנגזר מעצם מהותה של הנשמה של עם ישראל."
גאולה לא לפי התוכניות,Ethno-Religious,ערוץ 7,"הטקסט משתמש בשפה של חובה מוחלטת (""אנחנו **חייבים** לטפל בחולשות. **חייבים**."") וקובע אמיתות אוניברסליות על טבעה של הגאולה (""היא לא נמדדת לפי כללי הטבע האנושיים"") ועל טבעו של עם ישראל (""עם לא נורמלי"").","הטיעון נסמך באופן מובהק על ערכים מקודשים: **הגאולה**, **הברית** האלוהית, **עם ישראל** כישות נצחית, ו**אמונה** כערך עליון. ערכים אלו מוצגים כבלתי ניתנים למשא ומתן או לרדוקציה לוגית.","הטקסט נפתח ומגייס רגשות של **כאב וחמלה** כלפי החטופים והמשפחות, ו**שמחה** על שובם, אך הרגש המרכזי שהוא מנהל הוא **מצוקה קיומית** הנובעת מהפרדוקס. הוא מציע נחמה ודרך להתמודד עם המצוקה הזו.","כפי שצוין, המאמר מבצע עבודת-גבולות קוגניטיבית. הוא יוצר קהילה מוסרית המוגדרת על ידי שותפות בחוויית הבלבול והבחירה באמונה, ומציב מחוץ לגבולותיה את הגישה הרציונליסטית-אנליטית כמסוכנת וחסרת תוחלת.",העמדה המוצגת בטקסט מפגינה רמה גבוהה של שכנוע מוסרי.,"בראש ההיררכיה המוסרית ניצב תהליך הגאולה האלוהי והרצון האלוהי. זהו הערך העליון והמציאות המוחלטת שמכתיבה את כל השאר. תחתיו, כמידה הטובה האנושית הגבוהה ביותר, נמצאת ה**אמונה** (""אמונה גדולה בבורא עולם"") וההכרה במגבלות השכל. במדרג נמוך יותר נמצאת החובה המעשית לפעול בעולם. בתחתית ההיררכיה נמצא ה**שכל האנושי הרציונלי** (""המוח האנושי המצומצם""), אשר מוצג לא רק ככלי מוגבל אלא ככלי מסוכן כאשר מנסים להחילו על תהליכים אלוהיים, כפי שמשתמע מהדימוי של הביפרים המתפוצצים.","התזה המוסרית המרכזית של המאמר היא שהסתירה הרגשית והלוגית העזה של המצב הנוכחי – המיוצגת על ידי הכאב על שחרור מחבלים לצד השמחה על שובם של חטופים – אינה ניתנת ליישוב באמצעות היגיון אנושי, ועל כן התגובה המוסרית הראויה היא זניחת הניסיון להבין באופן רציונלי ואימוץ אמונה בתהליך גאולה אלוהי, נסתר ונצחי. ההיגיון המארגן של הטיעון הוא תיאולוגי-אנלוגי: הוא מזהה את המצוקה והבלבול הנוכחיים (""מערבולת לא נורמלית""), מקביל אותם למצוקתו של משה רבנו במצרים, שואב מתוך הסיפור המקראי עיקרון תיאולוגי (הגאולה היא אלוהית וסupra-רציונלית), ומיישם עיקרון זה בחזרה על המצב העכשווי כפתרון מוסרי ורגשי."
עברנו את פרעה – נעבור גם את זה?,Ethno-Religious,סרוגים,"הכותבת משתמשת בשפת חובה וציווי (""מוכרחים להסביר"", ""הוא חייב לבדוק את עצמו"", ""מוטלת עלינו אחריות גדולה""). היא מציגה את ה""מבט הפנימי"" לא כהעדפה אישית אלא כאמת אובייקטיבית על אופן פעולת המציאות.","הטיעון כולו נסמך על ערכים מקודשים: ההשגחה האלוהית, התוכנית האלוהית, תפקידו של ""עם ה'"", והכוח של תפילה ו""מעשים טובים"". ערכים אלה מוצגים כבלתי ניתנים למשא ומתן ומעל לכל שיקול פוליטי-תועלתני.","הטקסט מגייס רגשות של שמחה וחמלה כלפי החטופות השבות (""הלב מתרחב ושמח""), צער וכאב על המחיר, ותקווה המבוססת על אמונה. הבלבול והתשישות משמשים כרגשות המניעים את המעבר מהמסגרת החיצונית לפנימית.","המאמר מבצע עבודת-גבולות קוגניטיבית. הוא אינו משרטט גבול בין קבוצות חברתיות (""אנחנו"" מול ""הם""), אלא בין שתי מערכות של הבנת המציאות: ה""מבט החיצוני"" (המוגדר כפרוזאי, שטחי ושגוי) וה""מבט הפנימי"" (המוגדר כמקודש, עמוק ונכון). בכך, הוא שואף להגדיר מחדש את הקהילה המוסרית כולה סביב ציר האמונה בהשגחה.","הכותבת מפגינה שכנוע מוסרי (Moral Conviction) חזק, אך באופן ייחודי. השכנוע שלה אינו מתמקד בעמדה ספציפית לגבי העסקה (בעד/נגד), אלא *במסגרת הפרשנית הנכונה* להבנתה.","1. **בראש ההיררכיה:** התוכנית האלוהית וההשגחה העליונה. זהו העיקרון המכונן והמכריע, שמכפיף תחתיו את כל שאר הגורמים. 2. **במרכז:** המצב הרוחני-מוסרי של כלל ישראל. למעשיו, תפילותיו ואמונתו של הציבור יש כוח להשפיע על התוכנית האלוהית ולהטותה לטובה. 3. **בתחתית:** פעולות ושיקולים פוליטיים-אסטרטגיים של מנהיגים. אלה מוצגים כאינסטרומנטליים וכפופים לכוחות הגבוהים מהם. המחיר והתועלת של העסקה, כפי שהם נתפסים ב""מבט חיצוני"", נדחקים לתחתית סדר העדיפויות המוסרי.","התזה המוסרית המרכזית של המאמר היא שהדרך הראויה והנכונה להבין ולהתמודד עם אירועים לאומיים מורכבים וכואבים, דוגמת עסקת החטופים, אינה באמצעות ניתוח פוליטי או אסטרטגי (""מבט חיצוני""), אלא דרך מסגרת תיאולוגית של השגחה אלוהית (""מבט פנימי""). ההיגיון המארגן של הטיעון הוא הצבת דואליות בין שתי פרספקטיבות אלה, כאשר ה""מבט הפנימי"" מוצג כהסבר העמוק והאמיתי למציאות, בעוד ה""מבט החיצוני"" מוצג כשטחי, מוגבל ואף מטעה. לפי היגיון זה, פעולותיהם של מנהיגים פוליטיים אינן אוטונומיות לחלוטין אלא מהוות כלי (""כלי בידיו"") בתוך תוכנית אלוהית גדולה ונסתרת. לפיכך, התגובה המוסרית הנדרשת מהאזרח אינה שיפוט פוליטי של העסקה, אלא קבלת ההשגחה ונטילת אחריות רוחנית אישית."
האם להלכה יש עמדה ברורה בעניין עסקה להחזרת השבויים?,Ethno-Religious,סרוגים,"הכותב משתמש בשפה של חובה ואיסור ביחס לאופן הדיון. הוא קובע כי ""לא נכון להתבטא במינוח שאינו מכבד את הכרעת זולתנו"" וכי צורת הדיון הנוכחית ""אינה הולמת את התורה"". אלו אינן העדפות אישיות, אלא קביעות נורמטיביות על מה ראוי ומה פסול.","הערך המקודש שהכותב מגן עליו אינו ""חיים"" או ""ביטחון"" באופן ישיר, אלא ""תורה שבעל פה ועולם ההלכה"" עצמם. הוא מתייחס למסורת הדיון ההלכתי כאל ישות בעלת אופי מהותי (""אופיה של תורה שבעל פה"") שיש לשמור עליה מפני חילול באמצעות פישוט ורידוד.","הטקסט אינו מגייס רגשות עזים, אלא פועל ברמה מטא-רגשית. הוא מתאר את הרגש המלווה את האמירות הפשטניות כ""אנושי מאוד ויהודי מאוד"", ובכך מכיר בלגיטימיות הרגשית של הדוברים, אך בו בזמן מבקר את הביטוי האינטלקטואלי של רגש זה. הרגש המרכזי שהטקסט מעורר הוא תחושת ""מבוכה"" וצער על מצב השיח.","כפי שפורט, הכותב משתמש בטיעון המוסרי כדי לשרטט מחדש את גבולות הקהילה הלגיטימית. הגבול אינו עובר בין ימין לשמאל או בין תומכי העסקה למתנגדיה, אלא בין אלו המכבדים את מורכבות המסורת לבין אלו המרדדים אותה. זוהי עבודת גבולות המבוססת על קריטריון של סגנון דיוני ויושרה אינטלקטואלית.","הכותב מנהל פולמוס נגד היישום של ""moral conviction"" על סוגיית העסקה. הוא מבקר את אלו (משני הצדדים) שמבטאים את עמדתם כעובדה אובייקטיבית ואוניברסלית (""בשם היהדות""). הטיעון שלו הוא שהמבנה של המקורות ההלכתיים עצמם – היותם דיאלקטיים ורבי-פנים – מחייב עמדה של ספק וענווה, שהיא ההיפך הגמור מהוודאות המוחלטת המאפיינת עמדות הנשענות על שכנוע מוסרי עמוק. השכנוע המוסרי של הכותב עצמו מופנה כלפי *התהליך* הדיוני, ולא כלפי התוצאה.","- **בראש סדר העדיפויות:** היושרה המתודולוגית של הדיון, נאמנות למורכבות המקורות ההלכתיים, ענווה אינטלקטואלית, וכבוד הדדי בין בעלי עמדות מנוגדות. ערך התהליך הדיוני (ה""איך"") מוצב מעל ערך ההכרעה עצמה (ה""מה"").","התזה המוסרית המרכזית של המאמר אינה נוגעת להכרעה בשאלת עסקת החטופים, אלא לאופן שבו יש לנהל את הדיון הציבורי-הלכתי בנושא. הכותב טוען כי החובה המוסרית הראשונה במעלה היא לנהל את הדיון על פי אמות המידה של המסורת ההלכתית-יהודית, המאופיינת במורכבות, דיאלקטיקה, הכרה בצדדים השונים של הסוגיה, וכיבוד עמדת הזולת. ההיגיון המארגן של המאמר הוא הצבת קונטרסט חד בין שתי צורות דיון: ""צורת דיון פופוליסטית-עיתונאית"", המוצגת כפסולה מוסרית ואינטלקטואלית, לבין ""מסורת הדיון ההלכתי-יהודי"", המוצגת כמודל הראוי והמחייב. המאמר בנוי כדי להדגים את הפער הזה: הוא מציג את הסיסמאות השטוחות של הדיון הציבורי, ולאחר מכן מפרק אותן באמצעות הצגה מפורטת של המורכבות ההלכתית האמיתית, ובכך מבסס את טענתו המרכזית על הפסול המוסרי שבפישוט הדיון."
האם להלכה יש עמדה ברורה בעניין עסקה להחזרת השבויים?,Ethno-Religious,סרוגים,"הכותב משתמש בשפה של חובה ואיסור ביחס לאופן הדיון. הוא קובע כי ""לא נכון להתבטא במינוח שאינו מכבד את הכרעת זולתנו"" וכי צורת הדיון הנוכחית ""אינה הולמת את התורה"". אלו אינן העדפות אישיות, אלא קביעות נורמטיביות על מה ראוי ומה פסול.","הערך המקודש שהכותב מגן עליו אינו ""חיים"" או ""ביטחון"" באופן ישיר, אלא ""תורה שבעל פה ועולם ההלכה"" עצמם. הוא מתייחס למסורת הדיון ההלכתי כאל ישות בעלת אופי מהותי (""אופיה של תורה שבעל פה"") שיש לשמור עליה מפני חילול באמצעות פישוט ורידוד.","הטקסט אינו מגייס רגשות עזים, אלא פועל ברמה מטא-רגשית. הוא מתאר את הרגש המלווה את האמירות הפשטניות כ""אנושי מאוד ויהודי מאוד"", ובכך מכיר בלגיטימיות הרגשית של הדוברים, אך בו בזמן מבקר את הביטוי האינטלקטואלי של רגש זה. הרגש המרכזי שהטקסט מעורר הוא תחושת ""מבוכה"" וצער על מצב השיח.","כפי שפורט, הכותב משתמש בטיעון המוסרי כדי לשרטט מחדש את גבולות הקהילה הלגיטימית. הגבול אינו עובר בין ימין לשמאל או בין תומכי העסקה למתנגדיה, אלא בין אלו המכבדים את מורכבות המסורת לבין אלו המרדדים אותה. זוהי עבודת גבולות המבוססת על קריטריון של סגנון דיוני ויושרה אינטלקטואלית.","הכותב מנהל פולמוס נגד היישום של ""moral conviction"" על סוגיית העסקה. הוא מבקר את אלו (משני הצדדים) שמבטאים את עמדתם כעובדה אובייקטיבית ואוניברסלית (""בשם היהדות""). הטיעון שלו הוא שהמבנה של המקורות ההלכתיים עצמם – היותם דיאלקטיים ורבי-פנים – מחייב עמדה של ספק וענווה, שהיא ההיפך הגמור מהוודאות המוחלטת המאפיינת עמדות הנשענות על שכנוע מוסרי עמוק. השכנוע המוסרי של הכותב עצמו מופנה כלפי *התהליך* הדיוני, ולא כלפי התוצאה.","- **בראש סדר העדיפויות:** היושרה המתודולוגית של הדיון, נאמנות למורכבות המקורות ההלכתיים, ענווה אינטלקטואלית, וכבוד הדדי בין בעלי עמדות מנוגדות. ערך התהליך הדיוני (ה""איך"") מוצב מעל ערך ההכרעה עצמה (ה""מה"").","התזה המוסרית המרכזית של המאמר אינה נוגעת להכרעה בשאלת עסקת החטופים, אלא לאופן שבו יש לנהל את הדיון הציבורי-הלכתי בנושא. הכותב טוען כי החובה המוסרית הראשונה במעלה היא לנהל את הדיון על פי אמות המידה של המסורת ההלכתית-יהודית, המאופיינת במורכבות, דיאלקטיקה, הכרה בצדדים השונים של הסוגיה, וכיבוד עמדת הזולת. ההיגיון המארגן של המאמר הוא הצבת קונטרסט חד בין שתי צורות דיון: ""צורת דיון פופוליסטית-עיתונאית"", המוצגת כפסולה מוסרית ואינטלקטואלית, לבין ""מסורת הדיון ההלכתי-יהודי"", המוצגת כמודל הראוי והמחייב. המאמר בנוי כדי להדגים את הפער הזה: הוא מציג את הסיסמאות השטוחות של הדיון הציבורי, ולאחר מכן מפרק אותן באמצעות הצגה מפורטת של המורכבות ההלכתית האמיתית, ובכך מבסס את טענתו המרכזית על הפסול המוסרי שבפישוט הדיון."
"מי שאין לו קרוב או קרובה בעזה עכשיו, אין לו זכות לדבר",Ethno-Republican,ynet,"הטקסט משתמש בשפה של חובה וזכות. הקביעה כי הממשלה ""אחראית להשיבם בכל מחיר"" היא קביעה דאונטולוגית. שלילת ""הזכות לדבר"" ממי שאינו חלק מהמשפחות היא שימוש בשפה מוסרית הקובעת היררכיה של סמכות. הביטוי ""פשע מוסרי"" הוא תיוג מפורש של הפעולה בתוך שדה סמנטי מוסרי.","הטיעון נסוב סביב ערכים מקודשים: ""חיי אדם"", ""סבלם של החטופים"", והצורך ב""קבורה ראויה"". ערכים אלה מוצגים כבלתי ניתנים למשא ומתן או לכימות, בניגוד מוחלט ל""שיקולים פוליטיים"" הנתפסים כערכים פרוזאיים ובזויים.","הטקסט מגייס רגשות מוסריים. הוא מבטא כאב וגעגוע עמוקים (""אני צריכה אותך"", ""מתגעגעת"") המעוררים חמלה (Compassion) אצל הקורא. במקביל, הוא מבטא זעם מוסרי (Anger/Rage) כלפי הממשלה, המואשמת ב""פשע מוסרי"" ובחברות ב""קואליציית הדמים"".","הטקסט מבצע עבודת גבולות מובהקת. הוא יוצר גבול מוסרי (Moral Boundary) חד בין ""האנשים הכי ראויים וערכיים"" (המשפחות והתומכים) לבין הממשלה ""הפושעת"". גבול זה מדיר את הממשלה מהקהילה המוסרית הלגיטימית ומציב אותה כאנטגוניסט מוסרי.",העמדה המובעת בטקסט מפגינה את כל המאפיינים של שכנוע מוסרי עמוק:,"בראש ההיררכיה המוסרית של הכותבת ניצב הערך המוחלט של חיי אדם, ובפרט חייהם ושלומם של החטופים. ערך זה מוצג כנעלה על כל שיקול אחר. תחתיו נמצאת חובת המדינה לאזרחיה. בתחתית ההיררכיה, ומוצגים כקונפליקט ישיר עם הערכים העליונים, נמצאים ""שיקולים פוליטיים"", הישרדות קואליציונית, והאינטרסים האישיים של חברי הממשלה. הטקסט יוצר דיכוטומיה ברורה: בצד אחד ""חיי אדם"" ו""סבלם של החטופים"", ובצד השני ""הכוח הפוליטי"" של ""קואליציית הדמים"".","התזה המוסרית המרכזית היא שהממשלה הנוכחית, ובראשה בנימין נתניהו, מבצעת ""פשע מוסרי"" מתמשך על ידי הפקרת החטופים במודע ומתוך ""שיקולים פוליטיים"". ההיגיון המארגן של הטיעון מבוסס על הסטת האחריות המוסרית להשבת החטופים: בעוד חמאס הוא הגורם החוטף, הממשלה היא הגורם האחראי באופן אקטיבי ובלעדי להשבתם, וכישלונה לעשות זאת ""בכל מחיר"" מהווה הפרה של חובתה הבסיסית ביותר כלפי אזרחיה. ההיגיון קושר בין הפקרת העבר (7 באוקטובר) להפקרת ההווה (סיכול עסקאות) לכדי רצף אחד של חטא מוסרי, שהמניע לו הוא העדפת הישרדות ""קואליציית הדמים"" על פני חיי אדם."
בערוץ 14 יעשו הכל כדי שעסקת החטופים לא תושלם,Ethno-Republican,הארץ,"הכותב משתמש בשפה המציגה את עמדתו כעובדה מוסרית אובייקטיבית. הוא קובע כי ""לא ניתן לנשום לרווחה"" עד שאחרון החטופים ישוב, ומציג את התמיכה בעסקה כהתנהגות האנושית הבסיסית. ההיגיון של המתנגדים מתואר כ""מעוות"" באופן קטגורי. השימוש בביטויים כמו ""זוללי המוות"" אינו מציג העדפה, אלא קביעה מוסרית על מהותם של היריבים.","הטיעון נשען באופן מובהק על ערכים מקודשים: ""חיי אדם"", ""סולידריות"", והאתוס של ""לא להשאיר אף אחד מאחור"". ערכים אלו מוצגים כבלתי ניתנים למשא ומתן, והביקורת על הימין היא על כך שהם מחללים אותם וממירים אותם בערכים נחותים כמו ""שרידות השלטון"".",הטקסט מגייס רגשות מוסריים באופן אינטנסיבי. הוא מבטא **בוז (Contempt)** ו**גועל (Disgust)** כלפי הצביעות והאופי של אנשי ערוץ 14. הוא מעורר **אמפתיה/חמלה (Compassion)** כלפי החטופות ומשפחותיהן. הוא מבטא **זעם (Anger/Rage)** מוסרי על הפקרת החיים ועל הזיוף.,"המאמר כולו הוא אקט של ""עבודת גבולות"" מוסרית. הוא משרטט גבול ברור בין הקהילה המוסרית האותנטית של ""עם ישראל"" לבין קבוצת החוץ, ""זוללי המוות"" של ערוץ 14, המוצגים כמי שבגדו בערכים המשותפים ומנסים ללא הצלחה לחקות את ריтуаלי הקהילה.",ניתן לנתח את עמדת הכותב עצמו כעמדה המוחזקת ב-*Moral Conviction* חזקה.,"1. **בראש ההיררכיה:** ערך החיים והחובה להצילם באופן מיידי (""פדיון שבויים""). ערך זה מקושר לסולידריות ישראלית בסיסית (""לא להשאיר אף אחד מאחור""). השמחה וההתרגשות משחרור החטופות מוצגות כתגובה המוסרית הראויה והטבעית. 2. **בדרג הביניים:** הסכמים והסדרים דיפלומטיים. אלה מוצגים ככלי יעיל ומוסרי להשגת ביטחון, בניגוד לקונספציית ה""כוח"". 3. **בתחתית ההיררכיה:** מניעים וערכים שהכותב מציג כשליליים מוסרית: - הישרדות פוליטית של השלטון. - החלום על ""ייהוד עזה"". - הקונספציה של ""עוד כוח ועוד כוח"". - השאיפה ל""ניצחון מוחלט"" כערך מופשט העומד מעל חיי אדם. - הימנעות משחרור מחבלים, גם במחיר הפקרת חטופים חיים.","התזה המוסרית המרכזית של המאמר היא שההתנגדות לעסקת החטופים, כפי שהיא מוצגת בערוץ 14 ובקרב הימין הקיצוני, אינה נובעת מדאגה ביטחונית לגיטימית, אלא מהווה כישלון מוסרי עמוק. כישלון זה, לטענת הכותב, מתבסס על צביעות, העדפת שיקולי הישרדות פוליטית על פני חיי אדם, ודבקות בקונספציה כוחנית שהתנפצה. ההיגיון המוסרי המארגן את הטקסט הוא בינארי ומבוסס על ניגוד חריף בין שתי מערכות ערכים: מצד אחד, האתוס הישראלי האותנטי של סולידריות וקדושת החיים, המתבטא בשמחה על שחרור החטופות ובדרישה להשיב את כולן (""לא להשאיר אף אחד מאחור""). מצד שני, המערכת המוסרית המיוחסת לערוץ 14, המוצגת כמעוותת, לא-אותנטית, ומונעת מתאוות דם, שימור כוח ואינטרסים פוליטיים צרים. המאמר מציג את התנהלות הערוץ כהצגה (""מחזה סוריאליסטי"", ""לזייף אחריות"") המנסה לחקות את הרגש הלאומי האמיתי תוך ריקונו מתוכן."
שחרור החטופות מסמל את תחילת התיקון. השאלה אם הוא יימשך,Ethno-Republican,הארץ,"הטקסט משתמש בשפה שרומזת לחובה מוסרית. הקביעה שאזרחים ""הופקרו למות"" אינה תיאור עובדתי ניטרלי, אלא קביעה על הפרת חובה בסיסית. המושג ""סולידריות"" משמש כעיקרון-על אוניברסלי בתוך החברה, והצורך ב""תהליך התיקון"" מוצג כציווי מוסרי הנובע מהפרה זו.","הטיעון נשען על ערך מקודש מרכזי: ""תחושת הסולידריות שבין המדינה לאזרחיה"". ערך זה מוצג כיסוד האמנה החברתית, והפגיעה בו היא חילול הקודש החברתי. חיי החטופים הם ערך מקודש נוסף, שהשבתם היא תנאי לתיקון הערך הראשון.","הטקסט אינו מביע רגשות עזים באופן ישיר, אך הוא מתאר ומנתח מצב טעון רגשית. הוא מזכיר ""תגובות ציבוריות קשות"" לשחרור האסירים ו""התעללות פסיכולוגית במשפחות החטופים"". הטון הכללי של המאמר הוא של ריאליזם עגום, המהווה עמדה רגשית-מוסרית המנוגדת לנרטיב הניצחון ההרואי שמציגה הממשלה.","כפי שצוין לעיל, המאמר מבצע עבודת-גבולות ברורה. הוא יוצר גבול סמלי בין אלה שמכירים ב""אמת העגומה"" (הקבוצה ה""נאורה"" או ה""ריאליסטית"") לבין אלה שהולכים שולל אחרי הצהרות המנהיגות. פעולה זו מגדירה את קהילת הדוברים הלגיטימית לדיון על עתיד המדינה, ומדירה ממנה את המנהיגות הנוכחית ותומכיה כמי שאינם רואים את המציאות נכוחה.","הטקסט אינו מציג את עמדת הכותב עצמו כנובעת משכנוע מוסרי (Moral Conviction) بالمعنى הספציפי של סקיטקה. הכותב אינו משתמש בשפה אבסולוטיסטית, אוניברסלית או בלתי מתפשרת. טיעוניו מוצגים כמסקנות לוגיות ופרגמטיות הנובעות מניתוח מציאות (""כל מי שטרח לעקוב... יכול היה לנחש""). הוא מתאר תגובות של אחרים (""תגובות ציבוריות קשות"") שעשויות לנבוע משכנוע מוסרי, אך הוא עצמו שומר על ריחוק אנליטי. לכן, המאפיינים של שכנוע מוסרי אינם חלים על אופן הצגת הטיעון על ידי הכותב.","בראש ההיררכיה המוסרית של הכותב ניצב הערך של ""תחושת הסולידריות שבין המדינה לאזרחיה"". תיקון ערך עליון זה הוא המטרה החשובה ביותר, והוא מקבל קדימות על פני שיקולים אחרים. מתחתיו נמצאת החובה לשחרר את החטופים, שאינה מטרה בפני עצמה אלא האמצעי המרכזי למימוש הערך העליון של תיקון הסולידריות. בתחתית ההיררכיה נמצאים שיקולים של ניצחון צבאי מוחלט והימנעות משחרור מחבלים. הכותב מכיר בכך ששחרור אסירים ""רצחניים"" הוא בעייתי (""תגובות ציבוריות קשות""), אך הוא ממקם את המחיר הזה כנמוך יותר בסדר העדיפויות מהצורך לתקן את ההפקרה. נרטיב ""הניצחון המוחלט"" מוצג כלא רלוונטי ואף מטעה.","התזה המוסרית המרכזית של המאמר גורסת כי הפעולה המוסרית החשובה ביותר העומדת על הפרק אינה השגת ""ניצחון"" צבאי, אלא ייזום ""תהליך התיקון"" של הסולידריות הבסיסית בין המדינה לאזרחיה, אשר נסדקה באופן חמור ב-7 באוקטובר ובהתנהלות הממשלה לאחר מכן. ההיגיון המארגן את הטיעון הוא שמאחר והמלחמה הוכרעה לרעה כבר ביום הטבח, כל הפעולות שנעשו מאז הן ניסיונות לצמצום נזקים. לכן, עסקת החטופים, על אף הוויתורים הכבדים הכרוכים בה, אינה נבחנת דרך ההיגיון של ניצחון והפסד צבאי, אלא ככלי חיוני והכרחי, ואולי אף ראשון, לשיקום האמנה המופרת בין המדינה לאזרחיה שהופקרו."
"לראשונה אחרי חודשים רבים, יש בסיס לאופטימיות מסוימת בדרך לעסקה",Ethno-Republican,הארץ,"הטקסט משתמש בשפת חובה דאונטולוגית באופן מפורש, למשל בקביעה שההנהגה ""מחויבת לפרוש"". כמו כן, הוא משתמש במונחים המציגים עמדה כצורך אובייקטיבי, כמו ""צורך דחוף"" ו""סיבה קריטית"", הממקמים את הטיעון מעבר להעדפה אישית.","הטיעון נשען באופן מובהק על ערכים מקודשים של חיים ודם. השימוש בביטוי ""הקזת הדם"" הוא גיוס ישיר של ערך מקודש זה כדי להצדיק את הדרישה להפסיק את הלחימה.","הטקסט אינו מפרט רגשות באופן ישיר, אך הוא מתאר מנגנונים שנועדו לעורר רגשות מוסריים. התיאור של ""מכונת הרעל"" ו""הטלת בוץ"" הוא תיאור של פרקטיקה המיועדת לייצר כעס ובוז כלפי דמויות במערכת הביטחון, במטרה להסיט רגשות דומים מראש הממשלה. טון הכתיבה עצמו משדר זעם מוסרי כלפי התנהלות ההנהגה.","כפי שפורט לעיל, הטקסט מבצע ""עבודת-גבולות"" ברורה. הוא משרטט גבול מוסרי בין הנהגה המסרבת לקבל אחריות לבין שאר החברה והמוסדות הנדרשים לשאת בתוצאות.",עמדת הכותב בנוגע לחובת ההתפטרות של ההנהגה מפגינה מאפיינים של שכנוע מוסרי.,"בראש ההיררכיה המוסרית של הכותב ניצבת באופן ברור השמירה על חיי אדם בהווה: הן חיי החטופים (""צורך דחוף"") והן חיי החיילים הנספים במלחמה (""הקזת דם""). ערך זה גובר על המטרה הצבאית של ""הכרעה צבאית כוללת"", אשר מוצגת כבלתי ניתנת להשגה במציאות הנוכחית ולכן כבעלת ערך נמוך יותר. בתחתית ההיררכיה נמצא האינטרס הפוליטי האישי של ההנהגה, ובפרט של ראש הממשלה. אינטרס זה מוצג ככוח משחית המונע קבלת אחריות מוסרית (""מסרב להודות באחריותו"") ומעכב פתרונות הכרחיים.","התזה המוסרית המרכזית של המאמר היא שישנה חובה כפולה ומיידית לקדם עסקת חטופים: הן בשל הצורך הדחוף להשיב את החטופים, והן בשל היותה מנגנון הכרחי לסיום המלחמה בעזה. ההיגיון המוסרי המארגן את התזה הוא פרגמטי-תוצאתני: הוא קובע כי המשך הלחימה במתכונתה הנוכחית הוא פעולה בלתי מוסרית משום שהיא מייצרת ""הקזת דם"" ודאית של חיילים ללא ""תוחלת אמיתית"" או התקרבות להכרעה צבאית. לפיכך, עסקה, על אף הסיכונים הכרוכים בה (""הימור גדול""), עדיפה מוסרית על פני המשך המצב הקיים, המוגדר כמלחמת התשה הגובה מחיר אנושי יקר וחסר תכלית. תזה זו מקושרת לטיעון משני, לפיו הכישלון המוסרי של ההנהגה המדינית והביטחונית ב-7 באוקטובר, והניסיונות הפוליטיים של ראש הממשלה להתחמק מאחריות, מהווים רקע קריטי להבנת הדינמיקה הנוכחית ומחזקים את הדחיפות לשינוי כיוון."
"אם זה היה תלוי בסמוטריץ' ובן גביר, החטופות עוד היו בעזה. הם יגלו מה שווה הבטחה של נתניהו",Ethno-Republican,הארץ,"הכותב משתמש בשפה של חובה ופסילה מוסרית מוחלטת. ההתנגדות לעסקה אינה מוצגת כטעות אסטרטגית, אלא כמעשה שמשמעותו ""הפקרתם... למוות"". הברכה של סמוטריץ' אינה רק לא עקבית, אלא ""צבועה ומתחכמת"". השימוש במונחים טעונים אלו מעביר את הדיון מהתחום האסטרטגי לתחום המוסרי.","הטיעון נסמך על ערך החיים והחובה להצילם, המוצג כערך עליון ומקודש. הוא מעמיד ערך זה מול שיקולים פוליטיים ואידיאולוגיים, ובכך מציג את הוויכוח כמאבק בין ערך מקודש לבין אינטרסים ""פרוזאיים"" או פסולים.","הטקסט מגייס ומהדהד רגשות מוסריים של בוז וזעם. התיאור הלגלגני של סמוטריץ' (""מברך במילים לבביות ומשתפכות"") נועד לעורר בוז כלפי הצביעות הנתפסת. הזעם מכוון כלפי התוצאות הקטלניות של מדיניותו, כפי שהכותב מציג אותן.","כפי שפורט לעיל, המאמר מבצע עבודת-גבולות אינטנסיבית. הוא יוצר קהילה מוסרית של ""מכירי המציאות"" (מערכת הביטחון, ארה""ב, תומכי העסקה) ומציב מחוצה לה את ""ההוזים האידיאולוגיים"" (סמוטריץ', בן גביר), ובכך מגדיר את גבולות הלגיטימיות המוסרית בדיון.","עמדת הכותב עצמו מפגינה רמה גבוהה של שכנוע מוסרי. הוא מציג את עמדתו לא כדעה, אלא כעובדה אובייקטיבית ויחידה (""הסיכוי היחיד"", ""הוכח מעל ומעבר לכל ספק""). הוא מפגין חוסר סובלנות מוחלט כלפי העמדה הנגדית, אותה הוא ממסגר כלא לגיטימית, שקרית ומסוכנת. הוא דוחה את סמכותם של נבחרי ציבור (סמוטריץ') כאשר עמדתם סותרת את האמת המוסרית כפי שהוא תופס אותה, ומעדיף על פניה את סמכות המומחים (ראשי מערכת הביטחון).","בראש ההיררכיה המוסרית של הכותב ניצב הערך העליון של החזרת החטופים בחיים, באופן מיידי. ערך זה מוצג כצו מוחלט ודחוף. תחתיו, ונדחקים לתחתית סדר העדיפויות, נמצאים ערכים ועקרונות אחרים: - ההתנגדות לשחרור מחבלים. - הסיכונים הביטחוניים העתידיים הכרוכים בעסקה (הכותב מכיר בהם כ""כואבות, מרגיזות — ומסוכנות"" אך מקבל אותם כהכרח). - השגת ""ניצחון מוחלט"" או הכרעה צבאית של חמאס, המוצגת כבלתי ריאלית וככלי שאינו משרת את המטרה העליונה. - עקרונות אידיאולוגיים הקשורים לכיבוש הרצועה והקמת התנחלויות, המוצגים כשיקולים זרים ומזיקים למטרה המרכזית.","התזה המוסרית המרכזית של המאמר היא שקיימת סתירה מוסרית חריפה ובלתי נסבלת בין פעולותיו המוצהרות והעקביות של בצלאל סמוטריץ' לסיכול עסקת חטופים, לבין הבעת השמחה הפומבית שלו על שחרור חטופים שהושג באמצעות עסקה כזו. ההיגיון המוסרי המארגן את הטקסט הוא לוגיקה של סיבתיות ותוצאה: הכותב טוען כי השקפת עולמו של סמוטריץ' היא הסיבה הישירה הן למניעת עסקאות קודמות והן לאי-היווצרות שלטון חלופי לחמאס, ולכן האחריות המוסרית לתוצאות (הפקרת חטופים והתחזקות חמאס) מוטלת עליו. הצביעות הנתפסת, קרי הברכה על תוצאה שהוא פעל למנוע, משמשת כהוכחה לקריסה מוסרית זו."
הרב שמואל דוד: תומך באופן נחרץ בעסקה,Ethno-Republican,ערוץ 7,"הטקסט משתמש בשפה דאונטית (מבוססת חובה) מובהקת: ""אנחנו **חייבים** לשחרר את החטופים"". הוא גם משתמש בשפה אוניברסלית כדי לתאר את התמיכה בעסקה כחוצה את כל הגבולות הפנימיים בחברה (""משותפת לכל חלקי העם!"", ""בכל שדרות הציבור"").","הטיעון נשען באופן מפורש על ערכים הנתפסים כמקודשים בחברה הישראלית: ""ערבות הדדית"" וקדושת החיים (הן של החטופים והן של החיילים).","הטקסט מגייס רגשות מוסריים, בעיקר חמלה ואמפתיה, דרך התיאור המפורט של סבל המשפחות (""הדאגה הנוראה"", ""השינה החטופה והקטועה"", ""הבכי הבלתי נשלט"", ""הצער הנורא"").","הטיעון מבצע עבודת-גבולות שמטרתה, באופן ייחודי, היא למחוק גבולות פנימיים. הוא מגדיר את הקהילה המוסרית (""אנחנו"") באופן הרחב והמכליל ביותר האפשרי, ומציב מולה רק את האויב החיצוני.",ניתן לזהות מספר מאפיינים של שכנוע מוסרי בעמדת הכותב:,"הכותב מבנה היררכיה מוסרית ברורה המותאמת למצב הנוכחי. בראש ההיררכיה ניצבים הערכים של **ערבות הדדית**, **אחדות העם**, ו**הצלת חיי החטופים והחיילים בהווה**. ערכים אלו מוצגים כדחופים ומכריעים. בתחתית ההיררכיה, או לפחות כערכים שמיצו את עצמם בשלב זה, נמצאים המטרות הצבאיות של **המשך הלחימה** ו**מיטוט מוחלט של חמאס**. הכותב אינו מבטל את חשיבותן בעבר, אך טוען שבעת הנוכחית, העלות שלהן בחיי אדם והתועלת המועטה מהן מורידות אותן בסדר העדיפויות המוסרי.","התזה המוסרית המרכזית של הכותב היא שביצוע עסקת חטופים במצב הנוכחי הוא ציווי מוסרי הכרחי, הנובע משינוי נסיבות מהותי. ההיגיון המארגן את הטיעון הוא היגיון של התאמת העדיפות המוסרית למציאות המשתנה: בעוד שבעבר המטרה המוסרית העליונה הייתה לחימה ומיטוט האויב, המצב הנוכחי של קיפאון צבאי (""התבוססות בבוץ""), אבדות מתמשכות וחוסר התקדמות, מחייב הסטה של המוקד המוסרי. העדיפות העליונה החדשה היא פנימית-חברתית: שיקום הערבות ההדדית והאחדות הלאומית, לצד החובה המיידית להציל חיים ולסיים את סבלם של החטופים ומשפחותיהם. הטיעון בנוי כמעבר ממצב מלחמה חיצוני למצב של ריפוי פנימי."
"כשכל החטופים יחזרו, אנחנו נשתקם - עד החטוף האחרון",Ethno-Republican,מעריב,"הטקסט משתמש באופן עקבי בשפת חובה. ביטויים כמו ""צריכים להמשיך"", ""חשוב"", והציווי החותם ""עד החטוף האחרון"" אינם מציגים העדפה, אלא חובה מוסרית. הגדרת הפעולה כ""אנושי"" ו""הגיוני"" מציגה אותה כנכונה באופן אוניברסלי ואובייקטיבי.","הטיעון נסוב סביב ערך מקודש – חייהם וחירותם של החטופים. השימוש במונח ""הפקרתם"" מצביע על חילול של ערך מקודש אחר – ערבות הדדית ואחריות המדינה לאזרחיה.","הטקסט מגייס רגשות מוסריים באופן אינטנסיבי. הוא פותח בתיאור של ""שמחה אמיתית ושלמה"" ו""אושר גדול"" (רגשות המקושרים לעשיית הטוב), ומייד מעמת אותם עם ""הלב נחמץ מחוסר הוודאות ומהאימה"" (רגשות המעוררים חמלה ודאגה כלפי קורבנות). השילוב הזה נועד לייצר תחושת דחיפות מוסרית.","הטקסט מבצע עבודת-גבולות על ידי הגדרת קהילה מוסרית המאוחדת סביב הרגש והחובה להשבת החטופים. הוא מציב מחוץ לקהילה זו את מי שאינו שותף לדחיפות המוסרית הזו (""שרים... שחושבים שזה לא הצעד הכי נכון"").",העמדה המוצגת בטקסט מפגינה מאפיינים חזקים של שכנוע מוסרי:,"הטקסט מציב היררכיה מוסרית ברורה וחד-משמעית. בראש הפירמידה ניצב הערך של השבת כל חטוף וחטופה. ערך זה מוצג כקודם לכל שיקול אחר. תחתיו, וכתלויים בו, נמצאים ערכים קולקטיביים כגון שיקום לאומי, לכידות חברתית (""לחלוק בו יחד""), ותפקוד תקין של המוסדות הפוליטיים (""מדינה ששווה וכדאי לחיות בה"", ""ממשלה ששווה לבחור בה""). בתחתית ההיררכיה המוסרית, באופן משתמע, נמצאות העמדות של המתנגדים לעסקה (""שרים בתוך הממשלה""), אשר מוצגות ככאלו שאינן תואמות את מה ש""נכון, חשוב, אנושי והגיוני"".","התזה המוסרית המרכזית של המאמר היא שהשבת כל החטופים, עד האחרון שבהם, מהווה חובה מוסרית אבסולוטית ותנאי יסוד הכרחי לשיקומה של החברה והמדינה בישראל. ההיגיון המוסרי המארגן את הטקסט הוא ליניארי וסיבתי: הוא קושר באופן ישיר בין השלמת המשימה של החזרת כל פרט ופרט לבין היכולת הקולקטיבית להשיב את תחושת הערך, התקווה והלכידות החברתית. המאמר מציג את שמחת השחרור הנוכחי כהוכחה לחשיבות המשימה, אך מיד מסייג אותה ומציג אותה כלא-שלמה, ובכך משתמש ברגש החיובי כדי לתדלק את הדרישה המוסרית להמשיך במאמץ. השיקום הלאומי אינו מוצג כאפשרי במקביל להשבת החטופים, אלא כתוצאה שתתאפשר רק לאחר השלמתה המלאה."
כששלוש החטופות ישוחררו: לשבריר שנייה נהיה עם אחד,Ethno-Republican,מעריב,"הטקסט משתמש באופן נרחב בשפת חובה (""צריכה להישמע"", ""צריכים להביט"", ""צריכים לבקש סליחה""). הוא פונה לערכים אוניברסליים (""נהיה בני אנוש"") ומציג את עמדתו כציווי אובייקטיבי החל על כולם (""כולנו צריכים"").","הטיעון נסמך על ערכים מקודשים כמו חיים ונפש (""98 נשמות תועות ואבודות הן הנשמות שלנו""), אחריות קולקטיבית, והצורך בתיקון ובסליחה, הממוקמים מעל הפוליטיקה ה""רגילה"".","הטקסט מגייס רגשות מוסריים של אשמה ובושה קולקטיבית (""לבקש סליחה ומחילה"", ""להרכין ראש""), אמפתיה וחמלה עמוקה כלפי החטופים (""דמעות גיל ובכי"", ""לבבות רוטטים""), ומנגד, דוחה רגשות של גאווה או שמחת ניצחון (""בלי פסטיבל, בלי הילולה"").","המאמר מבצע עבודת גבולות ייחודית שמטרתה אינה הדרה אלא הכלה. הוא פועל באופן אקטיבי למחיקת הגבולות הפנימיים המפלגים בחברה הישראלית כדי ליצור קהילה מוסרית אחת, מאוחדת באחריותה ובכאבה.","ניתן לזהות בטקסט מאפיינים של עמדה המוחזקת ב""שכנוע מוסרי"":","בראש ההיררכיה המוסרית של הכותב ניצבת האחריות הקולקטיבית וההכרה בכישלון הלאומי העמוק. ערך זה גובר על כל שיקול אחר. תחתיו נמצאת החובה המוסרית לדאגה ותמיכה בחטופים השבים. בתחתית ההיררכיה, כדבר שיש להשעותו ואף לבטלו באופן זמני, נמצאות הזהויות והמחלוקות הפוליטיות. הטיעון מציב את האחדות הלאומית, הנובעת מאחריות משותפת, כערך עליון על פני הפלגנות הפוליטית, המוצגת כלא רלוונטית ואף פסולה ברגע מוסרי זה.","התזה המוסרית המרכזית של המאמר היא ששובם של החטופים אינו אירוע של ניצחון הראוי לחגיגה, אלא רגע המחייב תגובה מוסרית של שקט קולקטיבי, חשבון נפש ובקשת סליחה כלל-חברתית. ההיגיון המארגן את הטיעון הוא היגיון של אחריות קולקטיבית הנובעת מכישלון עמוק ויסודי. לפי היגיון זה, מדינת ישראל, ברמת הרעיון המכונן שלה (""הציונות""), נכשלה במשימתה הבסיסית לספק ביטחון. כיוון שהכישלון הוא של הכלל (""כשלון של המדינה""), התגובה המוסרית הנדרשת – שקט, הכנעה, בקשת סליחה ודאגה לשבים – חלה על הכלל, תוך השעיה זמנית של כל המחלוקות הפוליטיות הפנימיות."
בן גביר הוכיח שהאחריות לפשע מתחלקת בין נתניהו וכל השרים,Ethno-Republican,וואלה,"הטקסט משתמש באופן עקבי בשפה דאונטולוגית (מבוססת חובה) ואוניברסלית. ביטויים כמו ""פשע מוסרי"", ""הפקרה"", וההשוואה ל""חוק העונשין"" מציגים את הנושא כהפרה של כללים אובייקטיביים ולא כהעדפה אישית. הקביעה כי הדם הוא ""גם על ידיהם"" היא קביעה עובדתית-מוסרית, לא דעה.","הטיעון נסמך באופן מוחלט על ערכים מקודשים: ""חיי אדם"" ו""דם"". ערכים אלו מוצגים כבלתי ניתנים לצמצום או להמרה באינטרסים אחרים, כגון ""כוח פוליטי"".","הטקסט מגייס רגשות מוסריים באופן אינטנסיבי. הוא מתחיל בתיאור רגשות אישיים של כאב, אכזבה, שמחה מהולה בעצב וחרדה (""הלב מפרפר בחרדה""). רגשות אלו נועדו לעורר חמלה (Compassion) אצל הקורא. במקביל, תיאור פעולות הממשלה נועד לעורר זעם (Anger/Rage) על העוול הנתפס.","הטקסט מבצע עבודת-גבולות ברורה. הוא מגדיר קהילה מוסרית של אזרחים המאוחדים סביב ערך החיים והערבות ההדדית, ומציב את הממשלה, דרך מעשה ה""הפקרה"", מחוץ לקהילה זו. הגבול אינו פוליטי אלא מוסרי-קיומי: בין המצילים לבין המפקירים.","העמדה המוצגת בטקסט מפגינה את כל המאפיינים של עמדה המוחזקת ב""שכנוע מוסרי"" עמוק.","בראש ההיררכיה המוסרית של הכותבת ניצב באופן מוחלט ובלעדי ערך קדושת החיים, ובאופן ספציפי הצלת חייהם של החטופים שעדיין בחיים. ערך זה מוצג כעליון ובלתי ניתן למשא ומתן. מתחתיו, ונדחקים לתחתית סדר העדיפויות, נמצאים שיקולים פוליטיים, המיוצגים על ידי ""כוחנו הפוליטי"" של בן גביר והימנעותו של ראש הממשלה מ""להיכנע שוב לקיצוניים"". אין בטקסט הכרה בלגיטימיות של ערכים מתחרים אחרים (כגון יעדי מלחמה אחרים); הם מוצגים כמכשול בלתי מוסרי להשגת המטרה העליונה.","התזה המוסרית המרכזית היא שהממשלה הנוכחית, ובפרט ראש הממשלה והשר בן גביר, נושאת באחריות מוסרית וסיבתית ישירה למותם של חטופים שהיו יכולים להינצל. ההיגיון המארגן הוא ליניארי וסיבתי: 1. קיימת הזדמנות ממשית להציל חיי אדם (עסקת חטופים). 2. גורמים בממשלה, באמצעות כוחם הפוליטי, מונעים באופן פעיל ושיטתי את מימוש ההזדמנות הזו. 3. כתוצאה ישירה ממניעה זו, חטופים נרצחים בשבי. 4. לפיכך, הממשלה אינה רק נכשלת בהצלתם, אלא הופכת לגורם פעיל במותם, מה שמוגדר כ""פשע מוסרי"" וכמעשה ""הפקרה"" שעשוי לעלות כדי עבירה פלילית."
על שלושה פשעי ישראל: הבוקר שבו עסקת החטופים יוצאת לדרך,Ethno-Republican,וואלה,"הכותב משתמש באופן נרחב בשפת חובה וציווי. ביטויים כמו ""שר... חייב להיות זמין"", ""אין ולא יכולה להיות כזאת"", ""היו אמורים להיות חכמים יותר"", ו""מחויבת עוד יותר"" הופכים את עמדותיו מדעות אישיות לקביעות מוסריות אובייקטיביות לכאורה. השימוש במילה ""נקודה"" בסוף הפסקה על השרים החרדים הוא מנגנון רטורי לסגירת הדיון והצגת העמדה כעובדה מוחלטת.","הטיעון נסמך באופן מובהק על ערכים מקודשים: ""חיים או מוות"", ""פיקוח נפש"", ""דם"", והחובה כלפי ""אחיהם ואחיותיהם"". השימוש בערכים אלה מוציא את הדיון מהמישור הפוליטי-תועלתני ומכניס אותו למישור הקיומי-מוסרי.","הטקסט מגייס רגשות מוסריים באופן משתמע. התיאור של בן גביר מעורר בוז וגועל מוסרי (""אוי לאותה בושה"", ""פירומן""). הביקורת על הפוליטיקאים מעוררת כעס על העוול שהם גורמים. תיאור העם המאוחד מעורר גאווה והתפעמות. תחושת ה""בושה"" מוזכרת מפורשות בהקשר של בן גביר (""בושה גדולה למדינת ישראל ולעם ישראל"").","כאמור, המאמר מבצע עבודת גבולות אינטנסיבית. הוא מפרק את הגבולות הפוליטיים המקובלים (ימין/שמאל) ובמקומם יוצר גבול מוסרי חד וברור בין ""עם ישראל"" (המאוחד, החכם, המוסרי) לבין כלל המערכת הפוליטית (המפולגת, קצרת הרואי, הכושלת מוסרית).",ניתן לזהות בטקסט מאפיינים של עמדות המוחזקות בשכנוע מוסרי עמוק:,הטקסט מציג היררכיה מוסרית ברורה:,"התזה המוסרית המרכזית של המאמר היא שעסקת החטופים, על אף היותה ""רעה והכרחית"", חושפת אמת כפולה: מחד, היא מדגימה את ""גדולתו"" המוסרית של ""עם ישראל"", המתגלה באחדותו ובחכמתו הקולקטיבית המעניקה קדימות מוחלטת לחובה להציל את החטופים. מאידך, היא חושפת את הריקבון, הכישלון ו""פשיטת הרגל המוסרית"" של כלל המערכת הפוליטית בישראל – ימין, שמאל, חרדים ומרכז – אשר מונעת משיקולים צרים (הישרדותיים, אידיאולוגיים, דתיים-סקטוריאליים) ואינה מצליחה להתעלות לגודל השעה ולאמץ את סדר העדיפויות המוסרי של העם. ההיגיון המארגן של המאמר הוא יצירת קונטרסט חד בין העם (הגיבור המוסרי) לבין נבחריו (הנכשלים מוסרית), כאשר רגע האחדות הלאומית סביב העסקה משמש כנקודת תצפית שממנה הכותב מבקר באופן שיטתי כל אחד ממגזרי ההנהגה."
"הפלסטינים צריכים לעבור דה-חמאספקציה, אנחנו צריכים דה-כהנאפקציה",Ethno-Republican,וואלה,"הכותב משתמש בשפה של חובה וציווי. הוא קובע כי ""מטרה עליונה של ישראל עכשיו זה להילחם באידיאולוגיה הזו"", וכי ""צריך שהחברה הפלסטינית תעבור תהליך דה-חמאספקיציה"". השימוש במילים ""צריך"", ""חייבים"", והצגת הפתרון שלו לא כאפשרות אלא כהכרח היסטורי, ממקמים את הטיעון כטענה מוסרית אובייקטיבית ולא כהעדפה אישית.","הטיעון נשען בכבדות על ערכים מקודשים. הוא נפתח בהשוואה לאושוויץ, ובכך מגייס את זיכרון השואה כערך מקודש שממסגר את כל הדיון. הוא מדבר על ""חיים"" מול ""מוות"", ומציג את האינטרס הישראלי העליון כ""לחיות לצד פלסטינים שאינם פצצת זמן אנטישמית"", ובכך קושר את הטיעון לערך המקודש של החיים והביטחון הקיומי.","הטקסט פועל כדי לעורר רגשות מוסריים. הפתיחה, המזכירה את אושוויץ והפוגרום, נועדה לעורר אימה וזעם. התיאור של ממשלת ישראל כמי שטיפחה את חמאס וכמי ששריה ממשיכים במלחמה ""שהבנים שלהם לא נהרגים בה"" נועד לעורר כעס ובוז כלפי המנהיגות. התיאור של העתיד האפשרי תחת מנהיגות שפויה נועד לעורר תקווה.","כפי שפורט לעיל, המאמר מבצע עבודת גבולות אינטנסיבית. הוא מפרק את הגבול הלאומי המקובל ומייצר גבול מוסרי חדש החוצה את החברה הישראלית. הגבול מפריד בין בעלי ""חזון לחיים"" (ה""אנחנו"" הראוי) לבין ""אוכלי המוות"" ו""הכהניסטים"" (ה""הם"" הפנימי, המסוכן), אשר מושווים מוסרית לאויב החיצוני.",עמדת הכותב מפגינה מאפיינים חזקים של שכנוע מוסרי:,"בראש ההיררכיה המוסרית של הכותב ניצב הערך של ""חיים בביטחון"" עבור החברה הישראלית. ערך זה מוגדר כיעד ארוך טווח, שניתן להשגה רק דרך תהליך הוליסטי של שינוי אידיאולוגי בחברה הפלסטינית. תחתיו, כמנגנון הכרחי, נמצא הערך של ""מדינאות עם חזון לחיים"", המייצג מנהיגות רציונלית, שפויה ופרגמטית הפועלת בשיתוף פעולה אזורי ובינלאומי. בתחתית ההיררכיה המוסרית נמצאים שני גורמים המוצגים כשקולים בנזקם: ראשית, האידיאולוגיה של חמאס, המוגדרת כ""רצחנית"" ו""אנטישמית""; ושנית, הממשלה הנוכחית ו""הכהניסטים"" בתוכה, המוצגים כבעלי ""חזון למוות"", מונעים מאידיאולוגיה ""ג'יהאדיסטית"" ומסכנים את עתידה של ישראל. הפעולה הצבאית כשלעצמה מדורגת ככלי נחות ובלתי יעיל בהשגת המטרה העליונה.","התזה המוסרית המרכזית של המאמר גורסת כי האיום הקיומי על ישראל אינו צבאי במהותו, אלא אידיאולוגי. הכותב מזהה את ""השנאה היוקדת ליהדות ולציונות"" וה""אנטישמיות"", כפי שהיא מתבטאת באמנת חמאס ובחינוך הפלסטיני, כ""חומר הבעירה"" וה""דלק"" של הסכסוך. מכאן נובע ההיגיון המוסרי המארגן של הטקסט: אם הבעיה היא אידיאולוגיה רצחנית, הפתרון אינו יכול להיות צבאי בלבד (""באידיאולוגיה לא נלחמים עם כדורים, פצצות וטנקים""), אלא חייב להיות תהליך טרנספורמטיבי עמוק, הוליסטי וארוך טווח של החברה הפלסטינית (""דה-חמאספקיציה""). המאמר מציג את תהליך הדה-נאציפיקציה בגרמניה כמודל היסטורי-מוסרי להיתכנותו והצלחתו של מהלך כזה. לבסוף, ההיגיון המוסרי מופנה פנימה: הכותב טוען כי המכשול העיקרי למימוש פתרון מוסרי זה אינו חיצוני, אלא נעוץ בממשלת ישראל הנוכחית, אשר לטענתו שותפה לאידיאולוגיה ""ג'יהאדיסטית"" בעצמה (""מלחמת גוג ומגוג""), ולכן יש להעביר גם את החברה הישראלית תהליך טיהור מקביל (""דה-כהנאפיקציה"") כתנאי מוקדם להשגת ביטחון."
"אם צריך לבחור לומר לכן ביום חזרתכן רק דבר אחד, זה סליחה",Ethno-Republican,וואלה,"הטקסט משתמש בשפת חובה (""מצפה שיעשה הכול"", ""לא זכיתן לאותה מידת מחויבות"") ובשפה המציגה את התגובה הרגשית כהכרח מוסרי (""אני חשה בושה וכאב עמוק""). ההתנצלות עצמה (""סליחה"") היא אקט ביצועי (פרפורמטיבי) המגלם חובה מוסרית.","הטיעון נסמך על ערכים מקודשים כמו ""חיים"", ""גוף"", ""נפש"" ו""כבוד"", אשר מתוארים ככאלה ש""חוללו"". בנוסף, השירות הצבאי ותפקיד ההגנה על המדינה מוצגים כערך מקודש שהחיילות קיימו.","הטקסט מגייס באופן מפורש רגשות מוסריים מרכזיים: **בושה (Shame)** ו**כאב/חמלה (Compassion)** כתגובה לכשל המוסרי, ו**אהבה (Love)** ו**תקווה (Hope)** כרגשות המניעים לפעולת התיקון והריפוי.","הטקסט מבצע עבודת גבולות ייחודית: במקום להבנות גבול בין ""אנחנו"" ל""הם"" (היריב הפוליטי), הוא מוחק גבולות פנימיים ומאחד את ""הרוב המוחלט"", ""עם שלם"" ו""אומה"" לקהילה אחת. הגבול היחיד שמשורטט הוא בין הקהילה המוסרית הזו לבין הכשל המערכתי, ה""עיוורון"" והמחדל.","העמדה המוצגת בטקסט מפגינה מאפיינים חזקים של שכנוע מוסרי. היא מוצגת כנובעת מרגשות וערכי ליבה אישיים (""אני חשה בושה וכאב עמוק""); היא נתפסת כאמת אובייקטיבית ואוניברסלית (""הרוב המוחלט... רואה""); היא מחוברת לרגשות עזים (בושה, כאב, אהבה); והיא נושאת מטען מוטיבציוני חזק, המדרבן לפעולה של תיקון וריפוי לאומי.","בראש ההיררכיה המוסרית של הטקסט ניצבת באופן מוחלט חובת המדינה להגן ולהשיב את אזרחיה וחייליה, ובפרט את החטופים. ערך זה, המגולם בביטוי ""יעד ראשון במעלה"", מוצג כערך עליון שאין לסטות ממנו. תחתיו נמצאת חובת ההכרה וההתנצלות על המחדל. הטקסט אינו מציג ערכים מתחרים (כגון ניצחון צבאי או שיקולים אסטרטגיים אחרים), ולכן ערך השבת החטופים עומד לבדו בפסגת סדר העדיפויות המוסרי המוצג.","התזה המוסרית המרכזית היא שהמדינה הפרה באופן יסודי חובה מוסרית מקודשת כלפי חיילותיה (התצפיתניות), ובשל כך חלה על החברה והנהגתה חובת התנצלות, בושה, וחובה אקטיבית לפעול לתיקון ולריפוי. ההיגיון המארגן של הטקסט הוא לוגיקה של ברית שהופרה: החיילות מילאו את חלקן בברית (הגנה על המדינה תוך סיכון עצמי), אך המדינה כשלון כשל כפול - ראשית, בכך שלא הגנה עליהן למרות אזהרותיהן, ושנית, בכך שלא פעלה באופן מספק להשבתן. הטיעון בנוי כמעשה רטורי של לקיחת אחריות אישית וקולקטיבית (""סליחה"", ""אני חשה בושה"") המהווה תנאי מוסרי מקדים לריפוי הלאומי העתידי, התלוי בהשבת כל החטופים."
אף אחד לא ספר אותן: רק ביזה והפיכה עניינו את ראש הממשלה,Ethno-Republican,וואלה,"הטקסט רווי בשפה דאונטית, המדגישה חובה וציווי מוחלטים: ""חייבים לשלם"", ""זו החובה שלנו"". כמו כן, הוא משתמש בטענות אוניברסליות על טבעה של החברה הישראלית (""זה המקום היחיד שבו אתה רוצה להיות כשאתה בצרה""), המציגות את עקרון הסולידריות כחוק טבע חברתי.","הטיעון נסמך על ערכים מקודשים: חיי אדם (הצורך לגאול את החטופים), והקרבה (מותן של התצפיתניות ""על משמרתן""). ערכים אלה מוצגים ככאלה שאינם ניתנים לכימות או למשא ומתן.","הטקסט מגייס קשת רחבה של רגשות מוסריים: עצב וגrief (הדמעות), כעס וזעם (הדם הרותח), גאווה (ברגע השחרור), ואמפתיה עמוקה (כלפי אייל אשל והמשפחות). רגשות אלה משמשים לאשרור תקפותו של הטיעון המוסרי.","המאמר מבצע עבודת-גבולות מובהקת. הוא יוצר ""קהילה מוסרית"" של האזרחים והחיילים הפשוטים, המאוחדת בסולידריות (""הפלוגה""). מחוץ לקהילה זו הוא מציב את המנהיגות, המוגדרת כמי שהפרה את הנורמות המקודשות של הקהילה ולכן אינה ראויה להשתייך אליה.","- **Perceived Objectivity and Universality:** העמדה לגבי החובה לשחרר את החטופים מוצגת כעובדה אובייקטיבית ובלתי ניתנת לערעור (""את המחיר הזה אנחנו חייבים לשלם""), ולא כהעדפה אישית או עמדה פוליטית אחת מני רבות.","בראש ההיררכיה המוסרית של הכותב ניצבים ערך קדושת החיים (המתבטא בחובה לגאול את החטופים) ועקרון הערבות ההדדית והסולידריות הלאומית (""הפלוגה""). ערכים אלה מוצגים כעליונים ובלתי ניתנים למשא ומתן. תשלום ""המחיר הכבד"" של העסקה, על אף שהוא גורם ל""בטן הומיה"" ו""דם רותח"", נמצא נמוך יותר בהיררכיה ומוצג כהכרח הנגזר מהערכים העליונים. בתחתית ההיררכיה נמצאים שיקולים פוליטיים ואישיים, המיוצגים על ידי הממשלה שדאגה ל""ביזה והפיכה"" במקום לביטחון. הכבוד וההכרה בסבל הקורבנות (התצפיתניות) והוריהן (אייל אשל) מוצבים כבסיס המוסרי שממנו נובעת כל הפירמידה.","התזה המוסרית המרכזית של המאמר היא שההפקרה המוחלטת של התצפיתניות ושל תושבי העוטף בשבעה באוקטובר, אשר נבעה מחטא ההיבריס של הדרג הצבאי והמדיני, יצרה חוב מוסרי עליון. חוב זה מחייב שני מעשים משלימים: בקשת סליחה מהנרצחות כהכרה באחריות, ותשלום כל מחיר נדרש לשחרור החטופות שנותרו בחיים. ההיגיון המארגן הוא לוגיקה של חטא, חוב וכיפור: החטא הוא ההפקרה; החוב הוא האחריות לקורבנות; והכיפור הוא שחרור החטופים, המהווה לא רק מעשה אסטרטגי אלא אקט של גאולה מוסרית ותיקון העוול הראשוני. רגע השחרור עצמו מוצג כהתגלמות של סולידריות לאומית (""הפלוגה""), שהיא הערך המוסרי העליון וההצדקה לקיומה של החברה הישראלית, בניגוד לכשל המנהיגותי."
שחרור החטופות הפך לריאליטי שמרדים אותנו. אסור ליפול בפח,Ethno-Republican,וואלה,"הכותבת משתמשת בשפה של חובה ואיסור (""אסור להסתכל בקנקן"") והקריאה המרכזית שלה היא ציווי ישיר לפעולה (""עזבו... צאו לרחובות... בואו לא ניתן לזה לקרות!""). היא מציגה את טענותיה לא כהעדפה אישית אלא כתיאור אובייקטיבי של המציאות המוסרית.","הטיעון נסוב סביב הערך המקודש של חיי אדם – חייהם של 90 החטופים. ערך זה מוצג כבלתי ניתן למשא ומתן, והוא המקור לתחושת הדחיפות והזעם המוסרי שלה.","הטקסט מגייס ומנגיד רגשות מוסריים כדי להניע לפעולה. הוא מבקר בחריפות את ה""שמחה"" וה""אופוריה"" הציבורית כמסוכנות ומטעות. במקומן, הוא מקדם ""חרדה"" כרגש המוסרי הראוי והמניע למאבק. הוא מעורר חמלה (Compassion) כלפי סבלן החבוי של המשוחררות וזעם (Anger/Rage) כלפי המניפולציה הפוליטית הנטענת, במטרה לתעל רגשות אלו לאנרגיה אקטיביסטית.","הטקסט מבצע עבודת-גבולות אינטנסיבית. הוא יוצר גבול מוסרי בין קהילת ה""נאבקים"" הדרוכה והחרדה, לבין הציבור ה""מורדם"" והאופורי. הקריאה לפעולה היא ניסיון אקטיבי לגייס אנשים לחצות את הגבול הזה ולהצטרף לקהילה המוסרית הראויה בעיניה.","עמדתה של הכותבת מפגינה רמה גבוהה של שכנוע מוסרי, המתבטא בעיקר בדחף לפעולה.","בראש ההיררכיה המוסרית של הכותבת ניצבת באופן ברור החובה המוחלטת **לפעול באופן אקטיבי** למען שחרורם של 90 החטופים שנותרו בשבי. ערך זה גובר על כל שיקול אחר. תחתיו נמצאת החובה לגלות אמפתיה ולכבד את פרטיותן וסבלן של החטופות שכבר שוחררו. בתחתית ההיררכיה נמצא הצורך הציבורי ברגעי שמחה ואופוריה, אותו הכותבת ממסגרת לא רק כנחות מוסרית אלא כמסוכן ומזיק באופן אקטיבי למטרה העליונה.","התזה המוסרית המרכזית של הכותבת היא **קריאה ישירה ומיידית לפעולה**, המבוססת על האבחנה שהאופוריה הציבורית סביב שחרור החטופות אינה חגיגה תמימה, אלא ""אופוריה מרדימה"" מסוכנת. אופוריה זו, שהכותבת טוענת כי היא מנוצלת לצרכים פוליטיים, מהווה כשל מוסרי חמור משום שהיא מנטרלת את המאבק הציבורי החיוני להצלת 90 החטופים שנותרו בשבי. לפיכך, **החובה המוסרית העליונה** שהמאמר מציג היא להתנגד באופן אקטיבי להרדמה זו: **""להתעורר ולא להירדם""**, לנטוש את תפקיד הצופה הפסיבי ב""ריאליטי החטופים"", ולממש את החובה העליונה – **""לצאת לרחובות""** – כדי להבטיח שהעסקה לא תתפוצץ ושאחרון החטופים ישוב הביתה."
בן גביר הודה שהוא שותף לגרימת מות עשרות חטופים. אל תתנו לו להרוג עוד,Ethno-Republican,הארץ,"הטקסט משתמש בשפת חובה וציווי. הוא קובע כי הממשלה ""מוכנה להקריב"", שח""כ רביבו ""לא חשב פעמיים"", ושבן גביר ""הודה"" באחריות. השאלה המסכמת אינה ""מה כדאי לנו לעשות?"" אלא ""מי אנחנו ומה אנחנו?"", שאלה על מהות אוניברסלית של הקולקטיב.","הטיעון נסמך באופן מובהק על ערכים מקודשים: ""חיים"", ""הקרבה"" (של אזרחים), ו""אחריות"". ערכים אלו מוצגים כבלתי ניתנים למשא ומתן או לצמצום לכדי אינטרס פוליטי.","הטקסט מגייס רגשות מוסריים. הוא מתאר את ה""רעל"" וה""בושה"" (במשתמע) של התנהלות בן גביר, את הכאב של המשפחות (""אין לו יום ואין לו לילה""), ומעורר בקורא זעם מוסרי על האשמת הקורבן וההפקרה.","כאמור, המאמר מבצע עבודת-גבולות אינטנסיבית. הוא משרטט גבול ברור בין ""אנחנו"" (העם חפץ החיים) ל""הם"" (אלו המקריבים אזרחים למען פוליטיקה), ובכך מגדיר מחדש את הקהילה המוסרית הישראלית.",עמדת הכותבת מפגינה רמה גבוהה של שכנוע מוסרי.,"הכותבת מציבה היררכיה מוסרית ברורה ובלתי מתפשרת. בראש הפירמידה ניצב ערך קדושת החיים, ובאופן ספציפי חייהם של החטופים שניתן להציל. ערך זה מוצג כערך עליון ומוחלט. תחתיו נמצאת החובה המוסרית של המדינה כלפי אזרחיה והערבות ההדדית בתוך העם. בתחתית ההיררכיה, ומוצג כערך שלילי ואנטי-מוסרי, נמצא הערך של ""הישרדות אישית ופוליטית"". המאמר כולו בנוי כקונפליקט בין ראש ההיררכיה (הצלת חיים) לתחתיתה (שימור כוח פוליטי).","התזה המוסרית המרכזית של המאמר היא שהימנעות הממשלה מקידום עסקת חטופים אינה נובעת משיקולים ענייניים, אלא מהקרבה מכוונת ומודעת של חיי החטופים על מזבח ההישרדות הפוליטית של גורמים בקואליציה, ובראשם ראש הממשלה. ההיגיון המוסרי המארגן את הטקסט הוא הנגדה חדה בין שני ערכים עליונים מתנגשים: ""חיי אדם"" (המיוצגים על ידי החטופים) ו""חיים פוליטיים"" (המיוצגים על ידי ראש הממשלה ובן גביר). ההיגיון הפנימי של הטיעון מציג שרשרת סיבתית מוסרית: הרצון בהישרדות פוליטית מחייב את המשך המלחמה; המשך המלחמה מחייב את סיכול העסקה; סיכול העסקה הוא הפקרה מודעת של החטופים למוות. פעולה זו מוצגת כסטייה מוחלטת מהחוזה המוסרי הבסיסי בין מדינה לאזרחיה."
האם הובסנו במלחמה? אהוד יערי יותר משכנע מהאיילנדים,Ethno-Republican,הארץ,"הכותב משתמש בשפת חובה וציווי. הוא קובע כי שחרור החטופים ""צריך להימשך עד הסוף"" וכי הוא ""חלק הכרחי בניצחוננו"". השימוש בביטויים אלה הופך את העמדה מציווי אסטרטגי לחובה מוסרית.","הטיעון נשען על ערכים מקודשים כמו ""נפשנו"", ""ריפוי"", ""תקווה"" ו""ערבות הדדית"". ערכים אלה מוצגים כבלתי ניתנים למשא ומתן ומעלים את הדיון מרמה פוליטית לרמה קיומית-מוסרית.","הטקסט מגייס רגשות מוסריים באופן מובהק. הוא פותח בתחושת ""רעננות"" מול הבהירות המוסרית-אנליטית של יערי, ומנגיד אותה לרגשות השליליים (""תבהלות ודיכוי"", ""רוח נכאה"") שמפיצים יריביו. שיא הגיוס הרגשי הוא בתיאור שחרור החטופים כמעורר ""שמחה"" וכחלק מתהליך ריפוי קולקטיבי, המעורר חמלה ואמפתיה (""כך בשמחתנו... וכך יהיה גם בעצב"").","המאמר מבצע עבודת-גבולות אינטנסיבית. הוא משרטט גבול חד בין הקהילה המוסרית של ""המרפאים"" ו""רואי הנכוחה"" לבין קבוצת החוץ של ""רואי השחורות"" והציניקנים הפוליטיים, ובכך מגדיר מי שייך לתהליך ההבראה הלאומי ומי חותר תחתיו.",עמדת הכותב מפגינה מאפיינים חזקים של שכנוע מוסרי.,"בראש סדר העדיפויות המוסרי של הכותב ניצבת באופן מוחלט פעולת שחרור החטופים והתהליך הנפשי-חברתי הנלווה אליה: ריפוי, זיכוך וחידוש הערבות ההדדית. ערכים אלה מוצגים כמקודשים. מתחת לכך, נמצאת החובה העתידית להבטיח צדק וביטחון באמצעות מעקב והענשה של המחבלים המשוחררים. בתחתית ההיררכיה נמצאים שיקולים אחרים, כגון החשש מעידוד חטיפות עתידיות, אשר הכותב דוחה באמצעות הצגת התגובה הישראלית כהפגנת עוצמה מוסרית. הטיעונים של ""רואי השחורות"" (כפי שהוצגו בחלק הראשון של המאמר) נדחקים לתחתית משום שהם נתפסים ככאלה המפריעים לתהליך הריפוי הקולקטיבי, שהוא העיקר המוסרי.","התזה המוסרית המרכזית של הכותב היא שהמשך תהליך שחרור החטופים ""עד הסוף"" אינו רק מהלך אסטרטגי, אלא מהווה ציווי מוסרי עליון ופעולה בעלת ערך פנימי מקודש עבור החברה הישראלית. המאמר טוען כי פעולת השחרור היא ריטואל לאומי של ריפוי וטיהור (""מזכך את נפשנו ומרפא אותנו חלקית""), המאפשר את חידוש האמנה החברתית הבסיסית ביותר – ""התקווה והערבות ההדדית בישראל"". ההיגיון המוסרי המארגן את הטקסט הוא, לפיכך, הצבת תהליך השחרור כפעולה המוסרית החיובית המרכזית, אשר דרכה נבחנות כל שאר העמדות והתופעות. ניצחון על חמאס, לפי היגיון זה, אינו נמדד רק בהישגים צבאיים, אלא ביכולת של הקולקטיב הישראלי להשלים את האקט המוסרי הזה, המהווה ניצחון תודעתי ורוחני על ""תודעה דתית פרימיטיבית, מקדשת מוות""."
המאבק לא תם. אסור לנוח עד שיחזור אחרון החטופים,Ethno-Republican,הארץ,"הטקסט משתמש בשפה המבטאת חובה וציווי, כגון ""אסור לשכוח"", ""חשוב לזכור"", ""צריך לקוות"", ו""צריך להילחם"". אישור עמדתו של יהודה כהן במילה ""צודק"" מציג את העמדה כעובדה אובייקטיבית ולא כדעה אישית, מה שמתיישב עם מאפיין תפיסת האובייקטיביות של שכנוע מוסרי.","הטיעון נסמך על ערכים מקודשים של חיים ושל קשר משפחתי (""יקיריהם""). המושג ""הפקרת"" משמש לתיאור חילול של ערכים אלו, ובכך מעביר את הדיון מהתחום האסטרטגי לתחום המוסרי-קיומי.","הטקסט מזכיר במפורש ""כאב"" ו""אכזבות"". הוא מעורר באופן משתמע רגשות של כעס ובוז כלפי סמוטריץ' באמצעות תיאורו כ""ציני"" ופועל מתוך ""אמתלה"". הוא גם מעורר ""חשש"" מפני האפשרות שנתניהו ייכנע ללחצים.","הטקסט מבצע עבודת-גבולות מוסרית ברורה. הוא יוצר קהילה מוסרית של ""אנחנו"" (הדואגים לחטופים) ומגדיר את ""הם"" (סמוטריץ' ובן גביר) כמי שנמצאים מחוץ לקהילה זו בשל מניעיהם הפסולים. המאבק מוגדר כמאמץ למנוע מנתניהו לחצות את הגבול הזה.",עמדת הכותב מדגימה מספר מאפיינים של שכנוע מוסרי:,"- **בראש סדר העדיפויות:** הצלת חיי החטופים, וספציפית, הצלת חייהם של אלו שניתן לשחרר באופן מיידי (""להוציא את מי שאפשר להוציא""). ערך זה מוצג כעליון.","התזה המוסרית המרכזית היא שהחובה העליונה והמיידית היא מימוש עסקת החטופים בשלבים, תוך התמקדות בהצלת מי שניתן להציל כעת. ההיגיון המארגן של המאמר מציב את המאבק לשחרור החטופים לא רק כמאבק מול חמאס, אלא בעיקר כמאבק פנימי נגד כוחות פוליטיים ישראליים (המוצגים כסמוטריץ' ובן גביר), אשר האינטרסים האידיאולוגיים שלהם (התנחלות, סיפוח, המשך המלחמה) עומדים בסתירה ישירה לחובה מוסרית זו ומובילים אותם לנסות ולטרפד את העסקה. הלוגיקה היא של דחיפות מוסרית להצלת חיים, המתנגשת עם ציניות פוליטית המשתמשת בביטחון כתירוץ למטרות אחרות."
"סוף ל""כמעטים"": עסקת החטופים המתגבשת תשחרר משא כבד מנשוא שרובץ על ישראל",Ethno-Republican,ישראל היום,"הכותב משתמש באופן מובהק בשפת חובה. הביטויים ""הפרשה הזאת **חייבת** להסתיים"" ו""האירוע הזה **חייב** לבוא אל סופו"" אינם מציגים העדפה, אלא ציווי מוסרי קטגורי. הטיעון מוצג כאמת אוניברסלית עבור הקולקטיב הישראלי.","הטיעון נשען על ערכים מקודשים של הקיום הלאומי: ""הריבונות הישראלית"", ""תחושת הביטחון"", ""החוזים הכתובים ושאינם כתובים"" (האמנה החברתית), ו""כבוד האדם"". הפגיעה בערכים אלו היא שמצדיקה את ה""תרופה"" הקיצונית.","הטקסט מגייס רגשות מוסריים. הוא מתאר את הזעם והדאגה של המשפחות, אך מעמיד מולם את היכולת שלהן ""להרים את ראשן"" ולהפגין סולידריות ואמפתיה קולקטיבית. הוא מעורר אצל הקורא תחושת חובה להצטרף לאותה אמפתיה. כמו כן, הוא צופה רגש מוסרי של זעם ושאט נפש (""תמונות מקוממות ומחרידות"") כלפי חגיגות האויב.","כפי שצוין, עבודת הגבולות המרכזית היא של **הכלה ופירוק גבולות פנימיים**. המאמר פועל באופן אקטיבי כדי להגדיר את כלל החברה הישראלית, על כל חלקיה הכואבים והזועמים, כקהילה מוסרית אחת החולקת גורל משותף וזקוקה לאותו ריפוי.",העמדה המוצגת בטקסט מפגינה מאפיינים של שכנוע מוסרי עמוק:,"בראש ההיררכיה המוסרית של הכותב ניצב **הריפוי והשיקום של הקולקטיב הישראלי**. ערך זה גובר על הכאב והמחיר הכרוכים בעסקה. תחתיו, נמצאת הדאגה לכלל החטופים כיחידה אחת. בתחתית ההיררכיה, אם כי תוך הכרה מלאה בכאב, נמצאת הדאגה הפרטית של כל משפחה לחטוף הספציפי שלה. ההיגיון הוא שהפרטי (הדאגה האישית) חייב להיות כפוף לקולקטיבי (הדאגה לכלל החטופים), והדאגה לכלל החטופים היא בעצמה חלק מהצורך הגדול יותר של ריפוי החברה כולה.","התזה המוסרית המרכזית של המאמר היא שעסקת החטופים אינה מהלך אסטרטגי או פוליטי, אלא מהווה **ציווי מוסרי קולקטיבי וחיוני לצורך ריפוי החברה הישראלית כולה**. ההיגיון המארגן את הטיעון הוא רפואי-תרפויטי: החברה הישראלית מוצגת כגוף פצוע, כמי שחוותה טראומה שריסקה את יסודותיה (""רוסקה הריבונות"", ""גוועה תחושת הביטחון"", ""נשברו כל החוזים""). העסקה, על אף מחירה הכבד, מתוארת באופן עקבי כ""תרופה מרה"", ""מזור"" ו""רפואת הנפש"", שהיא הכרחית כדי לאפשר את ""סיום"" האירוע הטראומטי, להתחיל תהליך של ""שיקום האמון"" ו""שלום בית"", ובסופו של דבר, ""להמשיך הלאה"". ההיגיון הוא ליניארי: אבחון הפציעה הקולקטיבית -> קביעת הטיפול ההכרחי (העסקה) -> קבלת הטיפול למרות כאבו -> השגת ריפוי קולקטיבי."
"בן גביר, סמוטריץ', תסתכלו להם בעיניים",Ethno-Republican,ynet,"הטקסט משתמש באופן נרחב בשפת חובה וציווי: ""חייבים להיבדק"", ""אין למדינת ישראל מנדט מוסרי כלשהו לדחות"". הוא פונה לערכים אוניברסליים כמו ""אנושיות"" ומציג את החובה כ""מחווה אנושית פשוטה"", ובכך הופך אותה לציווי החל על כל אדם באשר הוא.","הטיעון נסמך באופן מוחלט על ערכים מקודשים: חיי אדם, והקשר המשפחתי והלאומי המבוטא בכינוי ""אחיותינו ואחינו"". ערכים אלה מוצגים כבלתי ניתנים למשא ומתן או לצמצום לכדי אינטרס פוליטי.","הטקסט מגייס רגשות מוסריים באופן אינטנסיבי. הוא מעורר אמפתיה וחמלה כלפי החטופים באמצעות התיאורים האישיים, ומעורר בוז וכעס מוסרי כלפי הפוליטיקאים המתוארים כצבועים ואטומים. ה""לב הקרוע"" של הציבור הוא רגש קולקטיבי המאותת על שותפות גורל מוסרית.","כפי שפורט לעיל, הטקסט מבצע עבודת-גבולות אקטיבית. הוא משרטט גבול מוסרי חד בין קהילת האבלים והדואגים לבין הפוליטיקאים, ובכך מגדיר מי שייך לקהילה המוסרית הלאומית הראויה ומי בגד בערכיה.",עמדת הכותב מפגינה מאפיינים רבים של שכנוע מוסרי:,"בראש ההיררכיה המוסרית של הכותב ניצב הערך המוחלט של קדושת חיי החטופים והחובה להצילם. ערך זה, המעוגן ב""חוב המוסרי"" של המדינה, גובר באופן מוחלט על כל שיקול אחר. בתחתית ההיררכיה נמצאים שיקולים פרגמטיים, אסטרטגיים ופוליטיים, כגון השאלה האם העסקה ""טובה"" או ""רעה"" לישראל. הכותב מכיר בתוקפם האפשרי של טיעונים אלה (""כנראה שהם אפילו צודקים"") אך מדיח אותם למעמד של חסרי רלוונטיות מוסרית נוכח החובה העליונה.","התזה המוסרית המרכזית של המאמר גורסת כי למדינת ישראל יש ""חוב מוסרי"" אבסולוטי כלפי אזרחיה החטופים, הנובע ישירות ממחדל המדינה להגן עליהם ב-7 באוקטובר (""הפקרנו את אחיותינו ואחינו""). חוב זה כה יסודי ומהותי, עד שהוא שולל מהמדינה את ה""מנדט המוסרי"" לדחות עסקה לשחרורם, גם אם עסקה זו נתפסת כ""רעה"" במונחים אסטרטגיים או פוליטיים. ההיגיון המארגן הוא דאונטולוגי במהותו: הוא אינו מתמקד בתוצאות העסקה, אלא בחובה המוחלטת והבלתי מתפשרת שנוצרה כתוצאה מההפקרה הראשונית. הזמן שחולף (467 ימים) והסבל המתמשך של החטופים אינם רק נסיבות מחמירות, אלא הם הגורם המעצים את החוב והופך את קיומו למיידי ודחוף."
"ים של דמעות: התקווה ששחרור החטופים יתבצע, למרות הקשיים",Ethno-Republican,ynet,"הכותב משתמש בשפה דאונטית (שפת חובה) בעיקר כדי לתקף את עמדת המתנגדים ולהגן עליהם מפני ביטול: ""אסור להתעלם. אסור לזלזל"". בכך הוא קובע חובה מוסרית של הקשבה. ההצדקה לעמדתו שלו מנוסחת פחות כשפת חובה ויותר כשפת צורך והכרח (""ישראל זקוקה"", ""הצורך בשימור הברית"").","הטיעון נוגע בערכים מקודשים כמו חיי חיילים (""חיילים נהרגים מדי שבוע"") וחיי חטופים, אך אינו מבסס את ההצדקה המרכזית עליהם. הערכים המרכזיים המופעלים הם פרגמטיים יותר: קיום המדינה, יציבות אסטרטגית, ובריתות בינלאומיות.","הטקסט מגייס בעיקר רגשות של עצב, צער, ותחושת כובד. הרגש הדומיננטי הוא ""עצב"", המופיע שוב ושוב. אין כאן גיוס של רגשות מוסריים ""חמים"" כמו זעם, גאווה או בוז (למעט כלפי ""הפרובוקטור הלאומני""). זהו שיח מוסרי המבוסס על רגשות של אבל ותסכול קולקטיבי, המכוונים ליצירת סולידריות מתוך הכאב המשותף.","כפי שצוין, המאמר מבצע עבודת-גבולות שמטרתה לפרק את הגבול המקובל בין תומכי העסקה למתנגדיה, וליצור גבול חדש ונוקב בין הציבור הישראלי הרחב (החי את הטרגדיה) לבין ההנהגה הפוליטית (הפועלת מתוך ציניות).","עמדת הכותב מאופיינת ברמה נמוכה של ""שכנוע מוסרי"" (Moral Conviction). היא אינה מציגה את המאפיינים המרכזיים של התופעה:","הכותב מציג היררכיה מוסרית ברורה, שבה ערכים מסוימים נדחקים מפני אחרים בשל הנסיבות: - **בראש סדר העדיפויות:** 1. **הצורך האסטרטגי של המדינה:** זהו הערך העליון המצדיק את ההסכם. הוא כולל את הצורך המיידי ב""הפסקת אש"", את שימור ""הברית עם ארה""ב"", ואת עצירת הנזק המתמשך הנגרם למדינה ""כל יום שעובר"". 2. **ריאליזם והכרה במציאות:** היכולת להכיר בכך ש""ניצחון מוחלט"" אינו אפשרי ושההסכם הוא ""הפחות-גרוע ביותר"" מוצגת כמידה טובה מוסרית. - **בתחתית סדר העדיפויות (בנסיבות הנוכחיות):** 1. **עקרונות מניעת טרור עתידי:** העיקרון לפיו אין לשחרר מחבלים כדי לא לעודד חטיפות עתידיות, אף שהכותב מכיר בתוקפו (""צודקים המתנגדים""), נדחק מפני הצורך האסטרטגי המיידי. 2. **עקרונות ועדות ממלכתיות:** המלצות ""ועדת שמגר"" מוצגות כראויות אך כלא ישימות במציאות הנוכחית, ולכן נדחקות לתחתית ההיררכיה. 3. **השגת ""ניצחון מוחלט"":** מטרה זו ממוסגרת כלא ריאלית (""חלום באספמיה"") ולכן אינה יכולה להוות שיקול מוסרי מוביל.","התזה המוסרית המרכזית של המאמר היא שהסכם החטופים, על אף פגמיו המהותיים והסיכונים הכרוכים בו, מהווה פעולה מוצדקת ונחוצה. ההיגיון המוסרי המארגן את הטיעון אינו מבוסס על תפיסת ההסכם כ""טוב"" או ""צודק"" באופן אבסולוטי, אלא על היותו ""הפחות-גרוע ביותר"" בנסיבות קיימות של כישלון אסטרטגי, שחיקה צבאית ובידוד מדיני. ההצדקה המוסרית נובעת מהכרה במציאות קשה וכואבת, שבה החלופות גרועות יותר. הלוגיקה היא פרגמטית-תוצאתנית, הבוחנת את ההסכם לאור השלכותיו על הביטחון הלאומי הכולל (הצורך בהפסקת אש, שימור הברית עם ארה""ב) ולא רק דרך הפריזמה הצרה של שחרור מחבלים. הטיעון נבנה על מתח מתמיד בין הכרה מלאה בתוקף טענות המתנגדים לבין קביעה שהמצב האסטרטגי הרחב מחייב לפעול בניגוד לעקרונות שהם מייצגים."
על פדיון שבויים ומנהיגות יהודית בעת צרה,Ethnocentric,ynet,"הטקסט משתמש בשפה דאונטית מובהקת: ""חובת המנהיגות"", ""מצווה רבה"", ""מצווה"", ""הוי כאילו שופך דמים"". קביעות אלו מנוסחות כאמת אובייקטיבית ועל-זמנית, לא כהעדפה אישית.","הטיעון נסמך על ערכים מקודשים: ""קדושת החיים"", ""אחווה וסולידריות"", והמושג ההלכתי ""פדיון שבויים"" עצמו, המוצג כערך עליון.","הטקסט מגייס רגשות מוסריים באופן משתמע. הוא מעורר גאווה בדוגמת הרמב""ם, ותחושת דחיפות מוסרית וזעזוע מהמחשבה על עיכוב ששקול לשפיכות דמים. הביקורת על מנהיג ששם ""תג מחיר"" נושאת מטען של בוז מוסרי.","הטענה המוסרית פועלת באופן מובהק לשרטט גבול. היא מגדירה את הקהילה המוסרית הלגיטימית (""ציבור משותף"") ואת המנהיגות הראויה, תוך הוצאה סמלית של אלו שאינם עומדים בקריטריון זה אל מחוץ לגבולות הלגיטימיות.","העמדה המוצגת במאמר מפגינה רמה גבוהה של שכנוע מוסרי. היא מוצגת כאמת אובייקטיבית ואוניברסלית (הכרעת החכמים תקפה תמיד), ככזו המטילה חובה מוסרית לפעולה, וכעליונה על סמכות פוליטית עכשווית (הסמכות האמיתית היא של המסורת). הקביעה שמנהיג החולק על כך ""אינו מנהיג כלל"" מדגימה חוסר סובלנות כלפי עמדה חלופית בנושא זה.","* **בראש סדר העדיפויות:** קדושת החיים והחובה המוחלטת לפדות שבויים. ערך זה מוצג כנעלה על כל שיקול אחר. * **במרכז:** האחריות הקולקטיבית, הסולידריות ויצירת ""ציבור משותף"". אלה הן התוצאות והתנאים של מימוש הערך העליון. * **בתחתית:** שיקולי ""מחיר"" או ""ערך"" של השבויים. הכותב טוען במפורש ששיקולים אלה אינם רלוונטיים כאשר ישנה סכנת חיים, וכי מנהיג המציב ""תג מחיר"" על חיי אדם פוסל את עצמו.","התזה המוסרית המרכזית של המאמר היא שפדיון שבויים הוא חובה מוסרית עליונה, המהווה את אבן הבוחן המכוננת הן לטיבה של מנהיגות והן לעצם קיומו של ציבור יהודי. ההיגיון המארגן של הטיעון הוא היסטורי-הלכתי: הכותב טוען שהדילמה העכשווית אינה חדשה, וכבר הוכרעה באופן נחרץ על ידי חכמי ישראל לאורך ההיסטוריה. ההיגיון נע מהצגת השאלה העכשווית כמורכבת, דרך ביסוס התשובה על תקדימים היסטוריים (הרמב""ם) ופסיקות הלכתיות (המשנה, התוספות, שולחן ערוך), ועד להגדרת המסקנה כקריטריון אוניברסלי ועל-זמני להגדרת מנהיגות לגיטימית."
משה רבינו ועסקת החטופים,Ethnocentric,כיכר השבת,"הטקסט משתמש בשפה דאונטולוגית נחרצת: ""לזעוק"", ""אין מקום לדילמות"", ""זהו!"". הוא מציג את עמדתו כציווי אוניברסלי הנובע מעיקרון על-זמני, ולא כהעדפה אישית.","הטיעון נשען על ערכים מקודשים שאינם ניתנים למשא ומתן: ""הצלת נפשות"", אחווה (""אחיו"", ""אחינו""), ו""גאולה"". ערכים אלה מוציאים את הדיון מהשדה האסטרטגי ומכניסים אותו לשדה המוסרי-קיומי.","הטקסט מגייס רגשות של תקווה, דחיפות וחרדה קיומית (""מכת מוות""). המעבר של הכותב מאי-נקיטת עמדה ל""זעקה"" ממוסגר כהתעוררות מוסרית ורגשית.","הטיעון פועל באופן אקטיבי לפרק גבולות פנימיים בתוך החברה הישראלית וליצור קהילה מוסרית מאוחדת (""כולנו"") סביב חובה משותפת.","עמדת הכותב מדגימה שכנוע מוסרי חזק. היא מוצגת כ**אמת אובייקטיבית ואוניברסלית** (""זהו!""), ולא כדעה. היא נושאת **כוח מניע** חזק, שגרם לכותב לצאת מ""אזור הנוחות"" ולפרסם ""זעקה"". היא מדגימה **אוריינטציה של מטרה על פני אמצעים**, בכך שהיא דורשת להשיג את התוצאה המוסרית (הצלת חיים) תוך התעלמות משיקולים אחרים (""חשבונות"").","* **בראש סדר העדיפויות:** הצלת חיים קונקרטיים הנמצאים בסכנה ברורה ומיידית. ערך זה מוצג כאבסולוטי. * **בתחתית סדר העדיפויות:** שיקולים אסטרטגיים ארוכי טווח (""חשבון עתידי""), שמירה על מעמד והשפעה פוליטית (""עמדת ההשפעה""), דיפלומטיה, ו""חשבונות"" כלליים אחרים. כל אלה מוצגים כלא רלוונטיים במצב הנתון.","התזה המוסרית המרכזית היא שישנה חובה מוחלטת לפעול באופן מיידי להצלת חיי החטופים באמצעות עסקה, גם במחיר גבוה מאוד. ההיגיון המארגן את התזה הוא עיקרון דאונטולוגי (מבוסס-חובה), לפיו במצב של סכנת חיים ברורה, מיידית וקונקרטית (""סכנה ברורה וממשית""), כל שאר השיקולים – אסטרטגיים, דיפלומטיים, או ארוכי-טווח (""חשבונות"") – מתבטלים ונדחקים הצידה. הטיעון נבנה באמצעות אנלוגיה למעשהו של משה רבנו, המוצג כפרדיגמה מוסרית: כשם שמשה ויתר על מעמדו ועל יכולת השפעה כללית עתידית כדי להציל ""איש עברי"" אחד מסכנת מוות מיידית, כך על הקולקטיב הנוכחי לוותר על שיקולים אחרים למען הצלה מיידית של ""אחינו החטופים""."
"אחרי עסקת החטופים, הניצחון המוחלט הוא של חמאס",Ethnocentric,סרוגים,"הטקסט משתמש בשפה דאונטולוגית ואבסולוטית. ביטויים כמו ""מרצחים"", ""דם על הידיים"", ו""ניצחון מוחלט"" אינם תיאורים ניטרליים אלא קביעות מוסריות המציגות את העמדה כעובדה אובייקטיבית.","הטיעון נשען על ערכים מקודשים כמו ""ניצחון"" לאומי, ביטחון, והעיקרון המובלע שאסור לתת פרס לרוצחים. ערכים אלו מוצגים כבלתי ניתנים למשא ומתן.","המאמר פועל לעורר רגשות מוסריים: **זעם** על הכניעה וההונאה של ההנהגה, **פחד** מההשלכות הביטחוניות העתידיות, ו**בוז** כלפי הפער בין ההצהרות הפומפוזיות (""Total Victory"") לבין המציאות העגומה.",הטקסט מבצע עבודת-גבולות חדה בין המחנה שמכיר במציאות התבוסה לבין מחנה ההנהגה שמוכר אשליה. הוא מגדיר את האחרון כמי שבגד במחויבותו לקהילה המוסרית הלאומית.,"עמדת הכותב מפגינה רמה גבוהה של שכנוע מוסרי. היא מוצגת כאמת אובייקטיבית ואוניברסלית (""תהיה הניצחון המוחלט. אבל של חמאס""), היא אינה ניתנת לפשרה, והיא מביעה חוסר סובלנות כלפי העמדה הנגדית (של ההנהגה), אותה היא ממסגרת ככשל מוסרי.","- **בראש סדר העדיפויות:** ניצחון לאומי מוחלט, ביטחון קולקטיבי ארוך טווח, והכרעת האויב. ערכים אלו מוצגים כצו עליון וחובה שאין לסטות ממנה.","התזה המוסרית המרכזית של הכותב היא שהסכמה לעסקת החטופים המוצעת מהווה כניעה מוסרית מוחלטת לאויב וכישלון קטסטרופלי של המדינה במילוי חובתה הבסיסית להכריע את אויביה ולהבטיח את ביטחון אזרחיה. ההיגיון המארגן הוא היגיון תוצאתני (consequentialist) ודאונטולוגי (מבוסס חובה) משולב: העסקה פסולה מוסרית הן בשל תוצאותיה העתידיות ההרסניות (חיזוק חמאס, חזרת הטרור) והן משום שהיא מהווה הפרה של חובות יסוד של המדינה כלפי אזרחיה (השגת יעדי המלחמה, אי-שחרור רוצחים)."
"ניצחון תעמולה: חמאס רוכב על שחרור החטופים בדרך לשלטון באיו""ש",Ethnocentric,סרוגים,"הטקסט משתמש באופן עקבי בשפה דאונטולוגית של חובה וציווי (""עלינו"", ""אסור"", ""חשוב לזכור""). הוא מציג את טענותיו כאמת אובייקטיבית וחד-משמעית (""יש אמת אחת"") ולא כדעה אישית.","הטיעון נשען על ערכים מקודשים של ביטחון קיומי, הישרדות לאומית (""המאה השנים הבאות""), וכבוד לאומי (ההתנגדות ל""השפלה""). ערכים אלה מוצגים כבלתי ניתנים למשא ומתן.","המאמר פועל לעורר רגשות מוסריים של **חרדה ופחד** מפני העתיד, **כעס וזעם** על השאננות הפנימית, ו**תחושת השפלה** קולקטיבית. רגשות אלה מגויסים כדי להניע את הקורא לאמץ את עמדתו המוסרית.","הטיעון מבצע ""עבודת גבולות"" כפולה: חיצונית, הוא מחדד את הגבול בין ישראל לאויב הפלסטיני המוצג כמקשה אחת. פנימית, הוא יוצר גבול בין המחנה ה""ריאליסטי"" והאחראי לבין המחנה ה""נאיבי"" והשאנן.","הכותב מפגין שכנוע מוסרי גבוה. עמדתו מוצגת כאמת אובייקטיבית (""יש אמת אחת""), אוניברסלית (חוקי המלחמה והתודעה), וכמנדט מוסרי לפעולה (""עלינו""). הוא מביע חוסר סובלנות מוחלט כלפי העמדה הנגדית של הפרשנים, לא רק כטעות אלא כסכנה מוסרית.","הכותב מציב היררכיה ברורה שבה **הביטחון הקיומי ארוך הטווח של הקולקטיב הלאומי** נמצא בראש סדר העדיפויות המוסרי. ערך זה גובר באופן מוחלט על הצורך המיידי והדחוף לשחרר את החטופים הבודדים. ""המאה השנים הבאות"" מקבלות עדיפות על פני ""רגעי הייאוש שלנו"". בתחתית ההיררכיה נמצאים שיקולים של רווחה רגעית, הקלה רגשית, והתפיסה הרווחת בקרב פרשנים, המוצגים כלא רלוונטיים ואף מזיקים.","התזה המוסרית המרכזית של המאמר היא שעסקת החטופים, למרות כוונתה המיידית החיובית, מהווה כישלון מוסרי עמוק מכיוון שהיא מקריבה את הביטחון והקיום ארוך הטווח של הקולקטיב הלאומי (""המאה השנים הבאות"") על מזבח רווח תודעתי וטקטי קצר מועד של האויב. ההיגיון המוסרי המארגן הוא קונסקוונציאליסטי (תוצאתני) באופן מובהק: הפעולה נשפטת לא על פי כוונתה, אלא על פי תוצאותיה הצפויות, המוצגות כהרות אסון. המאמר טוען כי קיימת חובה מוסרית להתעלם מהישגים רגעיים ולפעול מתוך ראייה היסטורית רחבה, גם במחיר של כאב בהווה."
"העסקה המתגבשת: נוותר על הישגי המלחמה, נשחרר רוצחים - אבל נחזיר את החטופים",Ethnocentric,ישראל היום,"הטענה משתמשת בשפה המרמזת על חובה קולקטיבית (""עלינו להקשיב"") ומציגה את מסקנתה כטובה האובייקטיבית עבור הקולקטיב (""מצבה של מדינת ישראל... יהיה טוב יותר""). היא מציגה את הבחירה כשאלה של אחריות לאומית.","הטיעון נשען באופן מובהק על ערכים מקודשים של הקולקטיב הלאומי: ""ביטחון לאומי"", ""קיומנו באזור"", ""אחדות החברה"", ""רעות ואחווה"". ערכים אלו מוצגים כעליונים על פני שיקולים אחרים.","הטקסט מכיר ברגשות מוסריים שליליים חזקים (""קשה מאוד לעיכול"", ""אירועים קורעי לב"", ""צער וכאב""), אך הוא אינו מגייס אותם כדי להניע לפעולה. תחת זאת, הוא מציע לנהל אותם באמצעות רגשות וערכים של לכידות (""אחדות"", ""רעות"", ""אחווה"") וקורא באופן אקטיבי להימנע מרגש ה""התלהמות"".","הטענה המוסרית פועלת באופן מובהק כדי לחזק את גבולות הקהילה הלאומית (""חברה מגובשת ומאוחדת"") תוך טשטוש והמסה של גבולות פנימיים בין תומכי ומתנגדי העסקה.","הכותב מציג עמדה הפוכה בתכליתה לזו המאפיינת ""שכנוע מוסרי"". הוא דוחה אבסולוטיזם (""אין כאן פתרון קל""), קורא לפתיחות ופשרה (""להקשיב לכלל הדעות""), ומתנגד לשיח רגשי ומתלהם. הוא ממסגר את הנושא כמורכב ובעל צדדים רבים, בניגוד לתפיסה האובייקטיבית והאוניברסלית של בעלי שכנוע מוסרי.","- **בראש סדר העדיפויות:** ביטחון לאומי ארוך טווח, קיום קואליציות אסטרטגיות (עם ארה""ב והמדינות הסוניות), ואחדות פנימית של החברה הישראלית. אלו מוצגים כערכים קיומיים.","התזה המוסרית המרכזית של הכותב היא שפעולה מדינית נכונה, ובפרט קבלת עסקת החטופים, נמדדת על פי תרומתה לחיזוק ארוך הטווח של ביטחונה, מעמדה הבינלאומי ולכידותה הפנימית של מדינת ישראל. ההיגיון המוסרי המארגן הוא היגיון תוצאתני (קונסקוונציאליסטי), המצדיק ספיגת מחירים כבדים וכואבים בהווה (שחרור רוצחים, ויתור על הישגים צבאיים) בתמורה לטוב העליון של הבטחת קיומה ושגשוגה של המדינה בעתיד. המוסריות של המהלך אינה נגזרת מעקרונות מוחלטים (כמו ""אסור לשחרר רוצחים""), אלא מתוך ""מאזן כולל"" של רווח והפסד אסטרטגיים. המעשה המוסרי הוא המעשה המפוכח והאחראי, גם אם הוא קשה."
לישראל אין יותר מה לעשות בשום חלק בעזה: הרגע הדרמטי הגיע,Ethnocentric,מעריב,"הטקסט משתמש בשפה דאונטולוגית נחרצת: ""חייב"", ""רשאית"", ""יקרים לנו יותר מכל"", ""בלתי נסבל"". השימוש בביטויים אלו ממסגר את העמדה כציווי אובייקטיבי ולא כהעדפה אישית.","הטיעון נשען על ערכים מקודשים בחברה הישראלית: חיי חיילים (""מחיר הדמים"") וחיי חטופים. ערכים אלה מוצגים כבלתי ניתנים למשא ומתן.","הטקסט מגייס רגשות של כאב (""האירועים... הם כואבים""), דחיפות ותסכול מהמצב הקיים (""עמוק, עמוק בבוץ העזתי""). הוא גם מייצר רגש של בוז כלפי היריב הפנימי על ידי ייחוס מניעים אנוכיים (""לקדם את האג'נדה"").","המאמר מבצע ""עבודת גבולות"" (Boundary Work) מובהקת. הוא יוצר גבול מוסרי בין הגישה הריאליסטית-ביטחונית (המוצגת כ""אנחנו"") לבין הגישה ה""משיחית"" (המוצגת כ""הם""), ובכך מגדיר את האחרונה כנמצאת מחוץ לקהילה המוסרית של מקבלי ההחלטות האחראיים.","עמדת הכותב מוצגת כבעלת שכנוע מוסרי עמוק. היא נתפסת כאמת **אובייקטיבית** (""לישראל אין יותר מה לעשות"") ו**אוניברסלית** (הכרחית כאן ועכשיו). היא מפגינה **עצמאות מסמכות** (Authority Independence) בכך שהיא קוראת תיגר על מדיניות הממשלה הנוכחית, ומציגה אותה כלא לגיטימית.","1. **בראש ההיררכיה:** שחרור 98 החטופים ושימור חיי חיילי צה""ל. שני ערכים אלו מוצגים כעליונים ודחופים.","התזה המוסרית המרכזית של הכותב היא שישראל מחויבת מוסרית לסיים את המלחמה בעזה ולקבל עסקת חטופים באופן מיידי. ההיגיון המארגן שמחבר את חלקי הטיעון הוא היגיון של ריאליזם תועלתני, המבוסס על שני צירים: ציר פנימי וציר חיצוני. **בציר הפנימי**, הכותב טוען שהמצב הנוכחי הוא כישלון מוסרי ופרקטי כפול: הלחימה הטקטית מסכנת חיילים באופן בלתי מידתי וההישארות האסטרטגית ברצועה גובה ""מחיר דמים עצום"" ללא תכלית. **בציר החיצוני**, מציאות גאו-פוליטית חדשה שכופה נשיא ארה""ב הופכת את סיום המלחמה לכורח בלתי נמנע. ההיגיון מחבר את הכישלון המוסרי הפנימי (הקרבת חיים מיותרת) עם הכורח המוסרי החיצוני (היענות למציאות חדשה כדי למנוע אסון גדול יותר, ""שערי הגיהנום""), ומציג את העסקה לא כבחירה אלא כציווי מוסרי דחוף."
לשבור את קשר השתיקה: מחיר הדמים של עסקת חטופים,Ethnocentric,ישראל היום,"הטקסט משתמש בשפה דאונטולוגית (של חובה) באופן עקבי: ""מוטב שנודה ונכיר"", ""זה הזמן לדבר"". הוא מציג את טיעוניו לא כהעדפה, אלא כציווי מוסרי להתמודדות עם האמת.","הטיעון נשען על ערכים מקודשים כמו ""דם"" (""נהרות של דם ואש"", ""דמים בדמים נגעו""), חיים (של כלל אזרחי המדינה), וביטחון האומה (""מאזן האומה""). ערכים אלו מוצגים כבלתי ניתנים למשא ומתן.","הטקסט מגייס רגשות מוסריים חזקים: פחד וחרדה מפני ""קטסטרופה"" עתידית, זעם מוסרי כלפי ""קשר השתיקה"", וייסורים ואמפתיה כלפי קורבנות העבר והעתיד (""רשימת החושך"").","הטיעון מבצע ""עבודת גבולות"" מובהקת, המפרידה בין הקהילה המוסרית של ""דוברי האמת"" לבין אלו המשתתפים ב""שתיקה"", ובכך מגדיר את האחרונים כמי שכופרים באחריותם המוסרית לקולקטיב.","עמדת הכותב מפגינה מאפיינים חזקים של שכנוע מוסרי. היא מוצגת כאמת אובייקטיבית ואוניברסלית (התבנית ההיסטורית היא עובדה). היא מפגינה חוסר תלות בסמכות (קריאת תיגר ישירה על הערכות שב""כ וצה""ל). היא מונעת על ידי תחושת חובה מוסרית (חובה לחשוף את האמת) ומביעה חוסר סובלנות כלפי העמדה הנגדית (השתיקה).",הכותב מבנה היררכיה מוסרית ברורה:,"התזה המוסרית המרכזית של הכותב היא שהחלטה על עסקת חטופים, גם אם היא בלתי נמנעת, היא בלתי אחראית ופסולה מוסרית אם אינה מתקבלת לאחר התמודדות ישירה, פומבית וכנה עם ""מחירה הנוראי"" – קרי, הוודאות הסטטיסטית וההיסטורית שהיא תגרום לרצח של אזרחים רבים בעתיד. ההיגיון המארגן את הטיעון הוא היגיון של אחריות טמפורלית: הוא קושר באופן סיבתי ישיר בין החלטות ההווה (העסקה) לבין תוצאות עתידיות קטלניות, תוך שימוש בעסקאות עבר כראיה אמפירית לתבנית חוזרת. המעשה המוסרי הנדרש אינו בהכרח התנגדות לעסקה, אלא ""שבירת חומות השתיקה"" סביב מחירה, והכרה באמת המכאיבה שהעסקה מהווה ""כניעה לטרור"" ו""הפרת חוזה"" עם כלל אזרחי המדינה."
"בתנאים הנוכחיים, זו העסקה הטובה ביותר שאפשר היה להשיג | זו מגרעתה העיקרית",Ethnocentric,ynet,"הטקסט משתמש באופן מועט בשפה של חובה או ציווי אוניברסלי. במקום מילים כמו ""חייב"" או ""אסור"", הוא משתמש בשפה של הערכה פרגמטית: ""הכי טובה"", ""יתרונותיה עולים על חסרונותיה"", ""מאפשרת"". השפה אינה דאונטולוגית אלא תועלתנית.","הטיעון נשען באופן משתמע על הערך המקודש של חיי אדם, ובפרט חיי החטופים. עם זאת, הוא אינו מציג ערך זה כאבסולוטי, אלא כשקול מרכזי במשוואה מורכבת של אינטרסים לאומיים.","הטקסט נמנע באופן שיטתי מגיוס רגשות מוסריים. אין בו ביטויי זעם, בוז, גאווה או אמפתיה מפורשים. הטון קליני ומנותק, ומטרתו לשכנע באמצעות היגיון ולא באמצעות רגש.","כאמור, הטקסט אינו עוסק בעבודת-גבולות הדוחקת את היריב הפוליטי אל מחוץ לקהילה המוסרית. להפך, הוא פועל בתוך קהילה מוסרית משותפת ומנסה לשכנע את חבריה בנכונותה של דרך פעולה מסוימת.","הטקסט מפגין רמה נמוכה מאוד של ""שכנוע מוסרי"" (Moral Conviction) כפי שמוגדר על ידי סקיטקה.",הטיעון של הכותב מבנה היררכיה ברורה של ערכים ועדיפויות:,"התזה המרכזית של הכותב היא שהעסקה המוצעת היא הפעולה הנכונה והמוצדקת ביותר מבחינה ישראלית, לא משום שהיא מושלמת, אלא משום שהיא מהווה את התוצאה הטובה ביותר שניתן להשיג במציאות הנתונה. ההיגיון המארגן את הטיעון כולו הוא לוגיקה של שקלול תועלות מול נזקים (cost-benefit analysis). הכותב מציג את העסקה ככזו ש""יתרונותיה, מנקודת הראייה הישראלית, עולים בהרבה על חסרונותיה"". ההיגיון המוסרי אינו מבוסס על עיקרון אבסולוטי, אלא על בחינה פרגמטית של התוצאות הצפויות בתחום ההומניטרי, הצבאי, והמדיני, ושקלולן מול הסיכונים הביטחוניים המוכרים."
הניצחון המוחלט? הכישלון המוחלט,Ultra-Nationalism,ynet,"הכותב משתמש בשפה דאונטולוגית ואובייקטיבית. הוא קובע עובדות נחרצות (""ישראל נכשלה"") ומשתמש בציוויים מוסריים משתמעים (כך *צריך* לנהל מלחמה). השימוש באמירת חז""ל (""מי שמרחם על אכזרים..."") הוא שימוש ישיר בטקסט קנוני כדי להציג כלל מוסרי אוניברסלי.","הטיעון נסמך על ערך מקודש של ניצחון לאומי והישרדות קולקטיבית, אשר מוצג כערך עליון שאין לנהל עליו משא ומתן.","הטקסט אינו מביע רגש באופן ישיר, אך הוא בנוי כדי לעורר בקורא תחושות של תסכול, כעס על חוסר התפקוד של הממשלה, ובוז כלפי ""האיוולת"" שלה. הטון הכללי הוא של גינוי קר ורציונלי, המעצים את תחושת החומרה המוסרית.","המאמר מבצע עבודת-גבולות כפולה. ראשית, הוא משרטט גבול מוסרי חד בין ישראל (""הרחמנים"") לבין מדינת עזה (""האכזרים""). שנית, הוא משרטט גבול פנימי בין אלו המבינים את המציאות המוסרית הזו (הכותב) לבין הממשלה, המוצגת כעיוורת לה.","הכותב מפגין שכנוע מוסרי גבוה. עמדותיו מוצגות כעובדות אובייקטיביות (""מוכיחות כי ישראל נכשלה"") ולא כדעה. ישנה אוריינטציה של ""מטרה המקדשת את האמצעים"" (סבל אזרחי האויב מוצדק למען הניצחון). ניכרת חוסר סובלנות מוחלט כלפי עמדת הממשלה, המתוייגת לא רק כשגויה אלא כ""בורות"" ו""איוולת"".","בראש ההיררכיה המוסרית של הכותב ניצב הניצחון המוחלט של ישראל והבטחת ביטחון אזרחיה. ערך זה גובר על כל שיקול אחר. בתחתית ההיררכיה נמצאת רווחתה של האוכלוסייה האזרחית בעזה. הכותב מבטל במפורש את העיקרון של הבחנה בין לוחמים לאזרחים בצד האויב, ומציג את סבלם של האחרונים ככלי לגיטימי ואף הכרחי להשגת המטרה העליונה.","התזה המוסרית המרכזית של הכותב היא שישראל נוהגת באיוולת מוסרית, הנובעת מכשל אינטלקטואלי, אשר מובילה אותה להפגין רחמים כלפי אויב אכזר (מדינת עזה) ובכך, באופן בלתי נמנע, להתאכזר כלפי עצמה (אזרחיה). ההיגיון המארגן הוא ליניארי וסיבתי: טעות יסודית בהגדרת האויב (המשגה) מובילה למדיניות אבסורדית (סיוע לאויב), שתוצאתה היא כישלון צבאי ותבוסה מוסרית, כפי שמתבטא באמירת חז""ל ""כל המרחם על אכזרים סופו שמתאכזר על רחמנים""."
"איל זמיר אינו ראוי להיות רמטכ""ל",Ultra-Nationalism,ערוץ 7,"הטקסט משתמש בשפה דאונטולוגית של חובה וציווי. בן גוריון קובע כי על המפקד ""להיות אוהב את האדם"", ושחיי הפקוד ""יהיו יקרים לו"". אלו אינן המלצות, אלא ציוויים מוסריים המגדירים את מהות תפקיד המפקד. הטיעון מנוסח במונחים אבסולוטיים של נכון (""מפקדים ראויים"") ולא נכון (""מצב לא מוסרי"").","הטיעון נסוב סביב ערכים מקודשים: חיי החיילים, אחריות כלפי הורים ששולחים את בניהם לצבא (""תדע כל אם עבריה""), ונאמנות לאומית. ערכים אלה מוצגים כבלתי ניתנים למשא ומתן, ועליונים על פני שיקולים אוניברסליים.","המאמר מגייס רגשות מוסריים חזקים. הוא מעורר **זעם** כלפי הפיקוד הבכיר על סיכון החיילים, **חמלה** כלפי החיילים והוריהם, ו**בוז** מרומז כלפי ""היהודי התלוש"" שחשיבתו המופשטת מובילה לתוצאות קטלניות. הציטוט מהאב השכול הוא מכשיר רטורי המיועד לעורר תחושת עוול וכאב עמוק.","כפי שפורט לעיל, המאמר עוסק באופן אינטנסיבי בעבודת-גבולות. הוא משרטט גבול חד בין המוסר ה""שורשי"" והנאמן (הראוי) לבין המוסר ה""תלוש"" והאוניברסלי (הפסול), ובכך מגדיר מחדש את גבולות הקהילה המוסרית הלאומית.","עמדת הכותב מובעת בדרגה גבוהה של שכנוע מוסרי. היא מוצגת כעובדה אובייקטיבית (""רק יהודי התלוש... מסוגל להפעיל תבנית חשיבה כזו""), כאמת אוניברסלית בתוך ההקשר הלאומי, וכעמדה שאינה ניתנת לפשרה. הגינוי של העמדה הנגדית כנובעת מפגם זהותי (""תלישות"") מדגים את חוסר הסובלנות האופייני לעמדות המוחזקות בשכנוע מוסרי.",המאמר מציג שתי היררכיות מוסריות מנוגדות:,"התזה המוסרית המרכזית של המאמר היא שהפירוש הנוכחי של מושג ""טוהר הנשק"" בצה""ל מהווה עיוות מוסרי והיפוך של ההיררכיה הערכית הראויה. לטענת הכותב, הפיקוד הבכיר בצה""ל אימץ תפיסה אוניברסלית, שמקורה בהגותו של פרופ' מיכאל וולצר, המעניקה מעמד מוסרי כמעט שווה לחיי אזרחי האויב ולחיי חיילי צה""ל. תפיסה זו, על פי המאמר, מפרה את חובתו המוסרית הראשונית והעליונה של מפקד, שהיא הדאגה לחייליו והעדפתם על פני כל שיקול אחר. ההיגיון המארגן של המאמר הוא נרטיב היסטורי של שקיעה וסילוף: הוא מציג את המשמעות ה""מקורית"" וה""טהורה"" של המושג, כפי שהתגבשה בארגון ה""הגנה"", כעיקרון מוגבל של הימנעות מפגיעה מכוונת בחפים מפשע, ומנגיד אותה עם הפרשנות ה""מעוותת"" וה""תלושה"" הנהוגה כיום, המובילה לסיכון חיילים באופן בלתי מוסרי."
הצטרפות להצלחה לעוצמה ולגדולה,Ultra-Nationalism,ערוץ 7,"המאמר משתמש בשפה המציגה את טיעוניו כעובדות אובייקטיביות על טבע האדם והיחסים הבינלאומיים (""האמריקאים מעריצים עוצמה... ומזלזלים במפסידים""). הוא משתמש במונחים טעונים ערכית כמו ""גבורה"", ""רצחני"", ""יקרים"", הממקמים את הדיון במישור המוסרי ולא רק האסטרטגי.","הטיעון נשען על ערכים מקודשים כמו הקרבת חיים (""מסרו את נפשם""), אדמה (""יאבד את אדמתו""), וביטחון הקולקטיב הלאומי.","המאמר מגייס רגשות של גאווה והערצה כלפי עוצמת צה""ל (""הישגים מרשימים"", ""הצלחה... יוצאת דופן"") ובוז כלפי חולשה (""מזלזלים במפסידים"").","הטיעון מבצע עבודת-גבולות ברורה בין ישראל ובעלי בריתה (המבינים כוח) לבין אויביה (שיאבדו את אדמתם) ובין תומכי הגישה הריאליסטית-כוחנית לבין ""מפקפקים"" נאיביים בתוך ישראל.","הכותב מציג את עמדתו במאפיינים של שכנוע מוסרי. הוא מציג את ההיגיון של ""הצטרפות למנצח"" כעובדה אוניברסלית ואובייקטיבית (Perceived Objectivity), החלה על אמריקאים ועל יתרו כאחד. הוא מציג את התוכנית כהזדמנות שיש לממשה, מה שמרמז על מנדט מוסרי לפעולה (Motivational Force).","- **בראש ההיררכיה:** עוצמה לאומית, הצלחה צבאית, נחישות, והקרבת החיילים. ערכים אלו מוצגים כטוב המוחלט וכמקור הלגיטימציה לפעולה. ביטחון מדינת ישראל, המושג דרך ערכים אלה, נמצא גם הוא בראש סדר העדיפויות.","התזה המוסרית המרכזית של המאמר היא שעוצמה והצלחה צבאית הן המקור המרכזי ללגיטימציה מוסרית וליצירת בריתות אסטרטגיות. המאמר טוען כי תוכניתו של טראמפ אינה מהלך פוליטי גרידא, אלא תגובה טבעית וראויה להפגנת הכוח וההצלחה של ישראל. ההיגיון המארגן הוא אנלוגי: הוא יוצר הקבלה ישירה בין האתוס האמריקאי, המעריץ הצלחה, לבין סיפור יתרו המקראי, שהצטרף לעם ישראל לאחר ששמע על הצלחותיו וניסיו. היגיון זה מציג את המציאות כזירה שבה החזק והמצליח מושך אליו באופן טבעי בני ברית, ובכך מאשרר את צדקת דרכו."
ראש בקיר,Ultra-Nationalism,ערוץ 7,"הטקסט משתמש בשפה של חובה וציווי מוחלט. הוא אינו מציע העדפה, אלא קובע עובדות מוסריות (""ככה זה כאשר רואים את העזתים עדיין כבני אדם"", ""צריך לכתחילה היה להשמיד אותם כליל""). השימוש בביטויים כמו ""לדפוק את הראש בקיר"" מבטא תחושת הפרה של סדר מוסרי ברור ומובן מאליו.","הטיעון נשען על ערכים מקודשים של הישרדות לאומית וניצחון מוחלט, המוצגים כערכים עליונים שאין לנהל עליהם משא ומתן ושכל ערך אחר (כמו הומניטריות) בטל בפניהם.","המאמר מגייס רגשות מוסריים עזים: **זעם ותסכול** כלפי מקבלי ההחלטות, **בוז** כלפי הנאיביות של המערב ומחנה השלום, ותחושת **צדקנות** לגבי הצורך בפתרון רדיקלי.","המאמר הוא פעולה אינטנסיבית של ""עבודת גבולות"" (Boundary-Work). הוא משרטט גבול מוסרי חד בין ישראל לעולם, בין ""ריאליסטים"" ל""נאיביים"" בישראל, והחשוב מכל – הוא מוציא את כלל אוכלוסיית עזה מחוץ לגבולות הקהילה האנושית שיש כלפיה חובות מוסריות.",עמדת הכותב מדגימה רמה גבוהה ביותר של שכנוע מוסרי.,בראש ההיררכיה המוסרית של הכותב ניצב הערך העליון של **ביטחון והישרדות הקולקטיב הלאומי הישראלי**. כל ערך אחר נבחן ונדחה אם הוא מתנגש עם עיקרון זה.,"התזה המוסרית המרכזית של המאמר היא שכל פעולה שאינה מכוונת להשגת הכרעה צבאית מוחלטת וסופית מול האויב בעזה, ובמיוחד הכנסת סיוע הומניטרי, מהווה כישלון מוסרי עמוק. כישלון זה נובע מבגידה בחיילי צה""ל, מהפקרת החטופים, ומעיוורון אסטרטגי ומוסרי שנובע מאימוץ תפיסות עולם מערביות שאינן תואמות את מציאות המזרח התיכון. ההיגיון המוסרי המארגן את המאמר הוא היגיון של אפס-סכום קיומי: כל מה שמסייע לאויב, ולו באופן עקיף, פוגע באופן ישיר וחמור בביטחון ישראל ובסיכויי הישרדותה. לפיכך, המעשה המוסרי היחיד הוא הפעלת לחץ מקסימלי על האויב, ללא כל שיקול הומניטרי, עד לכניעתו המוחלטת או השמדתו."
התפטרות לא תחפה: העסקה המופקרת חתומה גם על סמוטריץ' ובן גביר,Ultra-Nationalism,סרוגים,"הטקסט משתמש באופן עקבי בשפה דאונטית (שפת חובה). ביטויים כמו ""צריכות לספק הסברים"", ""היו צריכים להיזכר"", וקביעות נחרצות כמו ""נכשלו כישלון צורב"" ממקמים את הדיון במישור של חובה מוסרית שהופרה, ולא במישור של העדפה פוליטית.","הטיעון נשען על ערכים מקודשים במחנה הימין כמו ""ניצחון מוחלט"" ו""מדיניות ימין על מלא"". המונח ""עסקה מופקרת"" אינו רק תיאור אסטרטגי, אלא קביעה מוסרית המצביעה על הפרת חובת השמירה על ביטחון המדינה.","הטקסט מגייס רגשות מוסריים של כעס צדקני (Righteous Anger) ותחושת בגידה מצד ""ציבור הימין"". יש בו גם נימה של בוז (Contempt) כלפי הפוליטיקאים, המתבטאת בתיאור פעולותיהם כ""הצגה נאה"" ו""בריחה"".","המאמר עוסק באופן אינטנסיבי בעבודת-גבולות. הוא מפרק את הגבול הפשטני בין תומכי העסקה למתנגדיה, ובונה במקומו גבול מוסרי חדש בתוך מחנה הימין: בין הציבור הנבגד להנהגה הבוגדת.","עמדת הכותב מפגינה שכנוע מוסרי עמוק. היא מוצגת כעובדה אובייקטיבית (""נכשלו כישלון צורב""), אוניברסלית (כל ממשלת ימין אמיתית הייתה צריכה לפעול אחרת), ובלתי תלויה בסמכות (היותם שרים אינו מגן עליהם מהביקורת). ישנה התמקדות מוחלטת בתוצאה המוסרית הנכונה (Ends-Over-Means Orientation), כאשר ""הליך"" ההצבעה בסוף אינו משנה, אלא רק התוצאה הסופית של המדיניות.","בראש ההיררכיה המוסרית של הכותב ניצבת החובה להשיג ""ניצחון מוחלט"" במלחמה. ערך זה מתורגם למדיניות ספציפית: הפעלת ""לחץ צבאי אמיתי וכבד"", מניעת ""סיוע הומניטרי"" לחמאס, והגעה ל""עסקה אחראית"" המבוססת על כניעת האויב. אחריותיות כלפי המנדט של ""ציבור הימין"" נמצאת אף היא בדרגה גבוהה. בתחתית ההיררכיה נמצאים אינטרסים פוליטיים-מפלגתיים (תקציבים, מינויים) ופעולות פוליטיות סמליות ופרפורמטיביות (התפטרות מהממשלה מבלי להפילה). הכותב מציג את העיסוק באלה כהזנחה של החובות המוסריות העליונות.","התזה המוסרית המרכזית של המאמר היא שמפלגות הימין בקואליציה, ובפרט עוצמה יהודית והציונות הדתית, נושאות באחריות מוסרית ישירה לעסקת החטופים ""המופקרת"", לא בשל עמדתן בשבוע האחרון, אלא בשל מחדלן המתמשך לאורך השנה שקדמה לה. ההיגיון המארגן את הטיעון הוא היגיון של אחריותיות (accountability) המבוסס על ציר הזמן: הוא מבטל את הרלוונטיות המוסרית של הפעולות הנקודתיות והמיידיות (התנגדות או פרישה) וממקד את הדין וחשבון המוסרי במדיניות ובמחדלי העבר שהובילו לתוצאה הנוכחית. המאמר טוען כי כישלונן של המפלגות לממש את המנדט שקיבלו מבוחריהן ולנהל מדיניות ימין אפקטיבית בנוגע לניהול המלחמה הוא החטא המוסרי המרכזי, שהופך את מחאותיהן הנוכחיות לפעולות ריקות מתוכן ופרפורמטיביות."
אחת ולתמיד: האם ניצחנו או הפסדנו בעזה?,Ultra-Nationalism,סרוגים,"הטקסט משתמש בשפה דאונטולוגית ואוניברסלית. ביטויים כמו ""חייבים, אבל חייבים לחסל את החמאס"" וקביעות כמו ""מעשה לא הגיוני ולא מוסרי"" מציגים את העמדה לא כהעדפה אסטרטגית, אלא כציווי מוחלט וכאמת אובייקטיבית.","הטיעון נשען על ערכים מקודשים כמו קיום העם, ביטחון לאומי, ו""צדקת הדרך"". ערכים אלה מוצגים כבלתי ניתנים למשא ומתן, והעסקה מוצגת כחילולם.","המאמר מגייס רגשות מוסריים באופן אינטנסיבי. יש בו ביטוי ל**בוז** כלפי החולשה והכניעה, **כעס וזעם** על ההפקרה העתידית, ו**פחד** מפני הטבח הממשמש ובא. מנגד, הוא קורא לרגשות ""מרוממים"" כמו גבורה וחיזוק הרוח.","הטקסט עוסק באופן נרחב בעבודת גבולות. הוא משרטט גבול חד בין מי שמבין את המציאות הקיומית (הכותב וקבוצתו) לבין מי ששבוי ב""דמיונות כוזבים"" (הצד השני). במקביל, הוא קורא לחיזוק הגבול החיצוני מול ה""נאצים"" וה""שטן"".",העמדה המוצגת במאמר מפגינה את כל המאפיינים של שכנוע מוסרי עמוק.,בראש ההיררכיה המוסרית של הכותב ניצב **הקיום והביטחון העתידי של הקולקטיב הלאומי**. ערך זה גובר באופן מוחלט על כל ערך אחר. תחתיו נמצאים:,"התזה המוסרית המרכזית של המאמר היא שעסקת החטופים היא מעשה של כניעה לאומית המהווה חטא מוסרי עמוק, לא משום שאינו מציל חיים, אלא משום שהוא מקריב את הביטחון והקיום העתידי של הכלל (האומה) תמורת רווח רגשי וטקטי בהווה. ההיגיון המארגן את התזה הוא היגיון של דחיית סיפוקים קולקטיבית: הוא טוען כי המוסר האמיתי אינו נמדד בהצלת הפרטים כעת, אלא בהבטחת הניצחון וההישרדות של הקולקטיב בטווח הארוך. לפיכך, כל פעולה שמחלישה את האומה, גם אם היא מונעת מסנטימנטים הומניטריים, היא ביסודה בלתי מוסרית מכיוון שהיא מסכנת את עתידם וחייהם של רבים יותר."
עסקת בלהות,Ultra-Nationalism,ערוץ 7,"הטקסט משתמש בשפה דאונטולוגית של חובה ואיסור (""אסור לתת לו מקום"") ובקביעות בעלות אופי אובייקטיבי ואוניברסלי (""תפסיד תמיד"", ""קו ההגנה ייפרץ תמיד""). הוא מציג את מסקנותיו לא כדעה, אלא כתיאור של ""מציאות אימה"".","הטיעון נסמך באופן מוחלט על ערך מקודש אחד: ""קיום המדינה"". ערך זה מוצג כבלתי ניתן למשא ומתן או להמרה, והוא זה שנותן לטיעון את כוחו המוסרי.","הטקסט מגייס רגשות מוסריים של פחד קיומי ודחיפות. הוא משתמש בביטויים כמו ""מציאות נוראה"", ""ביזיון איום"", ""למרבה האימה"" כדי לעורר תחושת חרדה וזעזוע אצל הקורא, המכוונים להניע אותו לפעולה (התנגדות לעסקה).","הטיעון מבצע עבודת-גבולות קוגניטיבית. הוא יוצר הבחנה חדה בין מי שמבין את ההיררכיה המוסרית ה""נכונה"" (קיום המדינה מעל הכל) לבין מי שטועה ומסכן את הכלל.","המאמר הוא ביטוי מובהק של שכנוע מוסרי (Moral Conviction) עמוק. ניכרים בו המאפיינים הבאים: **תפיסת אובייקטיביות** (""לא מדובר בתסריט אימה, מדובר במציאות אימה""); **אוניברסליות** (ההיגיון יחול תמיד ועל כל אויב); **אוריינטציית ""מטרה המקדשת את האמצעים""** (המטרה של קיום המדינה מצדיקה את אי-שחרור החטופים); ו**חוסר סובלנות כלפי פשרה** (כל טיעון נגדי הוא ""חסר ערך"").",הכותב מציג היררכיה מוסרית ברורה ונוקשה:,"התזה המוסרית המרכזית של המאמר היא שעסקת החטופים אינה החלטה מדינית שגויה, אלא כניעה המהווה ""הפסד מוחלט במלחמה"" ויוצרת ""איום קיומי"" מיידי על מדינת ישראל. ההיגיון המארגן את התזה הוא רציונלי-אסטרטגי: הכותב טוען כי חמאס פעל מתוך הבנה אסטרטגית שחטיפת ישראלים היא ""קלף מנצח"" המבטיח את הישרדות שלטונו. לכן, הסכמה לעסקה בתנאים אלו מאשררת את האסטרטגיה של חמאס, הופכת אותה למודל פעולה מוצלח עבור כל אויבי ישראל (כמו חזבאללה), ומוחקת דה-פקטו את יכולתה של המדינה להגן על עצמה, ובכך להתקיים."
סיפור ארבל יהוד: מה שישראל הייתה צריכה לעשות במלחמה ולא עשתה,Ultra-Nationalism,סרוגים,"הטקסט משתמש בשפה נורמטיבית המצביעה על חובה. ביטויים כמו ""כל מה שלא עשה הדרג המדיני"", ""הייתה צריכה לעשות ולא עשתה"", ו""ראוי שאויבינו יכירו"" אינם תיאורים ניטרליים אלא שיפוטים ערכיים המצביעים על סטנדרט מוסרי של התנהגות מדינית שהופר.","הטיעון נשען על ערכים מקודשים של ביטחון לאומי, ניצחון, וחובת המדינה כלפי אזרחיה החטופים. הוא מעלה את ""העמידה על עקרונות"" מדרגה של טקטיקה לדרגה של ערך מוסרי בפני עצמו.",הרגש המרכזי המגויס הוא **תסכול** (מתסכל עוד יותר) המכוון כלפי ההנהגה. רגש זה נועד לעורר בקורא תחושה של החמצה וזעם על כך שהדרך הנכונה והמוסרית הייתה זמינה כל הזמן אך לא ננקטה.,"המאמר מבצע עבודת-גבולות מוסרית פנימית. הוא משרטט קו בין גישה ""נכונה"" ו""ראויה"" (נחישות) לבין גישה ""שגויה"" ו""כושלת"" (הססנות), ובכך מגדיר קהילה מוסרית של אלו המבינים את טבעו האמיתי של הכוח ואת חובת השימוש בו.","עמדת הכותב מוצגת כבעלת מאפיינים של שכנוע מוסרי. היא מוצגת כ**אמת אובייקטיבית ואוניברסלית** לגבי טבעם של יחסי כוח במזרח התיכון (""כשישראל עומדת על שלה... מבינים היטב""). ישנה **עצמאות מסמכות (Authority Independence)** בביטול טיעון הנגד של לחץ אמריקאי, כאילו האמת המוסרית של המצב גוברת על שיקולים דיפלומטיים. ניכרת גם **אוריינטציית ""מטרה-מעל-אמצעים"" (Ends-Over-Means)**, כאשר היעילות בהשגת המטרה (שחרור חטופים) מצדיקה שימוש באמצעים כמו הפעלת לחץ על אוכלוסייה אזרחית.","בראש ההיררכיה המוסרית של הכותב ניצבים הערכים של **ניצחון לאומי, הפגנת נחישות ועוצמה, ומימוש אינטרס המדינה**. אלה הם עקרונות העל המכתיבים את הפעולה הראויה. תחתיהם נמצאת הדאגה לחיי החטופים, אך היא אינה ערך מוחלט המנותק מההקשר, אלא מטרה שדרך השגתה חייבת לעבור דרך הערכים הגבוהים יותר של הפעלת כוח. בתחתית ההיררכיה נמצאים **הלחץ הבינלאומי והדאגה לאוכלוסייה האזרחית בעזה**. אלה מוצגים כשיקולים משניים, ואף כמכשולים, שיש להתעלם מהם או להשתמש בהם באופן אינסטרומנטלי כדי להשיג את המטרות העליונות.","התזה המוסרית המרכזית של המאמר היא שהפעלת עוצמה וכוח מיקוח באופן נחוש ובלתי מתפשר היא לא רק האסטרטגיה היעילה ביותר, אלא גם החובה המוסרית העליונה של הדרג המדיני במלחמה. אי-שימוש בכלים העומדים לרשות המדינה מהווה מחדל מוסרי והפרת חובה כלפי אזרחיה. ההיגיון המארגן הוא היגיון תוצאתני (קונסקבנציונליסטי) ואינסטרומנטלי, המציג קשר סיבתי ישיר בין עמידה נחושה על עקרונות (הפעולה המוסרית הראויה) לבין תוצאות חיוביות (כניעת האויב ושחרור חטופים). סיפורה של ארבל יהוד משמש כהוכחה אמפירית לנכונותו של היגיון זה, וכמיקרוקוסמוס המאיר את הכשל המוסרי המתמשך של ההנהגה."
"לנו יש את דימונה, לחמאס יש נשק אסטרטגי משלהם - והם עושים בו שימוש",Ultra-Nationalism,ישראל היום,"הטקסט משתמש בשפה דאונטולוגית מרומזת (""נדרשה ישראל להגדיר"", ""אנחנו אמורים לדעת"") ומפורשת (""היהדות אכן מצווה... היא מצווה גם""). הוא מציג את מסקנותיו כעובדות אובייקטיביות (""הכל כבר גלוי"") ולא כהעדפה אישית.","הטיעון בנוי על קונפליקט בין ערכים מקודשים: ""פדיון שבויים"" (המייצג את קדושת חיי הפרט) מול ""ניצחון"" ו""מחיית עמלק"" (המייצגים את קדושת חיי הקולקטיב והישרדותו).","המאמר מבצע עבודה רגשית מורכבת. הוא מבקר במפורש את ה""חמלה"" כרגש מוסרי המנוצל לרעה, ובה בעת מגייס רגשות מוסריים אחרים: פחד מפני העתיד (""החטיפה הבאה בוא תבוא""), זעם וגועל כלפי האויב (""מפלצות"", ""ברבריות""), ותחושת צדקנות המלווה את הקריאה לניצחון.","הטיעון מבצע עבודת-גבולות פנימית חדה, המפרידה בין המחנה ה""ריאליסטי"", המבין את המציאות המוסרית האמיתית, לבין מחנה ""אבירי המוסר"", התופס את המציאות באופן שגוי ומסוכן.","עמדת הכותב מפגינה מאפיינים חזקים של שכנוע מוסרי. היא מוצגת כאמת אובייקטיבית ואוניברסלית (""הכל כבר גלוי""). היא מראה חוסר סובלנות כלפי עמדות מנוגדות (המוצגות כנאיביות ומסוכנות) והתנגדות לפשרה (עסקה היא ויתור על ניצחון). ניכרת גם אוריינטציית ""מטרה המקדשת את האמצעים"", כאשר ""ניצחון"" ו""כיבוש"" מוצגים כאמצעים הכרחיים להשגת המטרה המוסרית העליונה של ביטחון.","- **בראש ההיררכיה:** ניצחון מוחלט, ביטחון לאומי ארוך-טווח, והכרעת האויב. ערכים אלה מוצגים כחובה המוסרית העליונה, המצדיקה את הערכים שתחתיה. בסוף המאמר, ערך זה מקבל תוקף דתי של ""מחיית עמלק"".","התזה המוסרית המרכזית של הכותב היא שהחובה המוסרית העליונה של המדינה אינה פדיון שבויים בכל מחיר, אלא הבטחת הניצחון במלחמה כדי למנוע סבל עתידי גדול יותר. ההיגיון המארגן הוא היגיון תוצאתני (קונסקוונציאליסטי) ארוך-טווח, לפיו המוסריות של פעולה נמדדת על פי תוצאותיה העתידיות על ביטחון הקולקטיב, ולא על פי תוצאותיה המיידיות על רווחת הפרטים (החטופים). הכותב טוען כי עסקאות חטופים, הנתפסות כמעשה מוסרי של חמלה, הן למעשה כישלון מוסרי ואסטרטגי המוביל בהכרח לאסונות גדולים יותר בעתיד."
"מורשת נתניהו: האם ייזכר כמי שהשמיד את האויב, או כמי ששוב נכנע לו?",Ultra-Nationalism,מעריב,"הטקסט רווי בשפה דאונטולוגית של חובה וציווי (""חייבים להתייחס ברצינות"", ""חייב לדעת"", ""אסור לו לעצום את עיניו""). העמדה מוצגת כאמת אובייקטיבית, לא כהעדפה. למשל, הטענה ששחרור מחבלים יביא לרצח נוסף מוצגת כעובדה ודאית (""אין שאלה אם הם יחזרו לרצוח אותנו, השאלה היחידה היא מתי"").","הטיעון נשען על ערכים מקודשים כמו ""דם יהודי"", ביטחון המולדת, וההקרבה של חיילים. ערכים אלה מוצגים כבלתי ניתנים למשא ומתן וגוברים על שיקולים פוליטיים או רגשיים רגעיים.","המאמר מגייס רגשות מוסריים מובהקים: **זעם** ו**בוז** כלפי היריב הפוליטי והתקשורת (""לקרוא ולדפוק את הראש בקיר"", ""עזות מצח""); **חרדה** ו**פחד** מפני העתיד הצפוי כתוצאה מהעסקה; וכן תחושת **צדקנות** ועלבון על ההאשמות המופנות כלפי המחנה של הכותב (""עלילת דם"").","כפי שפורט, המאמר עוסק באופן אינטנסיבי ב""עבודת גבולות"". הוא מפרק גבול מוסרי אחד (אכפתי/לא אכפתי) ובונה גבול חדש, נוקב יותר, בין מי שצדק היסטורית (בפנים) למי שטעה וממשיך לטעות (בחוץ).","עמדת הכותב היא דוגמה מובהקת לעמדה המוחזקת ב""שכנוע מוסרי"". **(Perceived Objectivity and Universality)** הוא מציג את טענותיו לא כדעה, אלא כעובדות היסטוריות ואמיתות אוניברסליות על טבעו של הטרור. **(Authority and Peer Independence)** הוא דוחה במפורש את סמכותם של ""מומחים, פרשנים וביטחוניסטים"", התקשורת, והממשלה, וטוען כי האמת המוסרית אינה תלויה בקונצנזוס. **(Social Intolerance)** הוא מביע חוסר סובלנות עמוק כלפי העמדה הנגדית, וממסגר אותה לא רק כשגויה אלא כמסוכנת ובלתי לגיטימית (""מטורפים"", ""משיחיים"").","- **בראש ההיררכיה:** ביטחון הקולקטיב הלאומי וההישרדות ארוכת הטווח. ערך זה מקודש וגובר על שיקולים אחרים. בתוך כך, מניעת שפיכות ""דם יהודי"" עתידית היא הציווי העליון.","התזה המוסרית המרכזית של המאמר היא שהאחריות המוסרית העליונה אינה הצלת החטופים בטווח המיידי ובכל מחיר, אלא הבטחת הביטחון הקולקטיבי וההישרדות הלאומית בטווח הארוך. עמדה זו, המוצגת כעמדת ""הסמוטריצ'ים"" או הימין הציוני-דתי, נטועה בחובה למנוע שפיכות דמים עתידית, גם אם הדבר כרוך בקבלת החלטות קשות וכואבות בהווה. ההיגיון המוסרי המארגן את התזה הוא היגיון של הצדקה היסטורית וראיית הנולד. הכותב טוען כי המוסריות של עמדה פוליטית נמדדת ביכולתה לחזות נכונה את השלכותיה הביטחוניות. מאחר שהמחנה שהוא מייצג הוכיח בעבר (אוסלו, ההתנתקות, עסקת שליט) את יכולתו לחזות במדויק את האסונות שנבעו ממדיניות פייסנית, עמדתו הנוכחית נגד העסקה נושאת סמכות מוסרית עליונה. לעומת זאת, המחנה התומך בעסקה (התקשורת, השמאל, הממסד הביטחוני) מוצג כמי ששרוי בכשל מוסרי ואינטלקטואלי מתמשך, ולכן טיעוניו נעדרים תוקף."
המופע הברברי של חמאס הזכיר לכולנו עם מי יש לנו עסק,Ultra-Nationalism,וואלה,"הטקסט משתמש בשפה דאונטולוגית נחרצת (""חובה מוסרית עליונה"") ובקביעות אוניברסליות על טבעו של האויב (""מי אתם באמת"").","הטיעון נשען על ערכים מקודשים של חיים (הצלת חטופים) וביטחון קולקטיבי, ומציב אותם מול ערכים שליליים המיוחסים לאויב (חגיגת המוות).","המאמר מגייס באופן מובהק רגשות מוסריים: שאט נפש וגועל כלפי האויב, זעם ורצון לנקמה (""איפה הפצצה שתהפוך את הערפדים האלה לגל של עצמות""), וכן מבקר את הרגש אמפתיה (""מסכנים"") כמסוכן ושגוי בהקשר זה.","המאמר הוא פעולה אינטנסיבית של ""עבודת גבולות"" (Boundary Work). הוא מחזק את הגבול בין ""אנחנו"" (חוגגי החיים) ל""הם"" (חוגגי המוות), ובאופן מכריע, מוחק את הגבול הפנימי בתוך קבוצת ה""הם"" בין חמאס לאזרחים, ומגדיר את כולם כחלק מאותה קהילה מוסרית עוינת.","עמדת הכותב מפגינה שכנוע מוסרי עמוק. היא מוצגת כאמת אובייקטיבית ואוניברסלית (""מי אתם באמת""), היא מחייבת פעולה (חובה להשמיד את חמאס), והיא מובילה לחוסר סובלנות כלפי עמדות מנוגדות (דחיית כל דיבור על ""שלום"" או ""סיוע"").","- **בראש סדר העדיפויות:** הצלת חיי החטופים הישראלים. ערך זה מוצג כ""חובה מוסרית עליונה"" שמצדיקה את העסקה ואת האיפוק הצבאי הזמני.","התזה המוסרית המרכזית של המאמר היא שההבחנה בין ארגון חמאס לבין האוכלוסייה האזרחית בעזה היא הבחנה שקרית ומסוכנת מבחינה מוסרית. הכותב טוען כי האוכלוסייה העזתית אינה קורבן תמים של חמאס, אלא המקור שממנו הוא צמח, והיא שותפה פעילה לערכיו ולמעשיו. ההיגיון המארגן של המאמר הוא רטוריקה של ""תזכורת"" או ""התפכחות"": המראות של המון עזתי תוקף חטופים במהלך שחרורם אינם חריגה, אלא אירוע חושף-אמת שמסיר את האשליה של חפות אזרחית ומחזיר את הישראלים לתפיסה המוסרית הנכונה, שלפיה הם עומדים מול אויב קולקטיבי."
"כל כך מהר שכחנו? עם נאצים עושים מלחמה, לא עסקה",Ultra-Nationalism,ישראל היום,"הטקסט משתמש בשפה דאונטולוגית נחרצת: ""אומה חפצת חיים **חייבת** להילחם"". הוא מציג קביעות אובייקטיביות שאינן ניתנות לפרשנות: ""המסר המהדהד, ששום לוליינות פרשנית לא תכסה אותו"".","הטיעון נשען על ערכים מקודשים: ""חיים"" (במובן הקיום הלאומי), ""דם"" (""דמי אחינו ואחיותינו""), והקולקטיב הלאומי עצמו (""אומה"").","הטקסט פועל לעורר רגשות מוסריים של פחד קיומי (מ""הטבח הבא"") וזעם צדקני כלפי אויב המוגדר כרוע מוחלט (""נאצים חדשים""), תוך דרישה להתעלם מרגשות אחרים (חמלה מיידית כלפי החטופים ומשפחותיהם) המוצגים כמסוכנים אסטרטגית.","הטיעון בונה גבול מוסרי חד וברור בין הקהילה הלאומית הישראלית לבין אויביה הקיומיים, ומגדיר את המאבק ביניהם כמאבק מוסרי מוחלט.","עמדת הכותב מפגינה את כל המאפיינים של שכנוע מוסרי עמוק. היא מוצגת כאמת **אובייקטיבית ואוניברסלית** (""המסר המהדהד""). היא מביעה **חוסר סובלנות כלפי פשרה** (משא ומתן הוא חסר טעם). היא מציגה **אוריינטציה של מטרה המקדשת את האמצעים** (מלחמה כוללת היא האמצעי המוצדק להשגת המטרה של הישרדות לאומית).","בראש ההיררכיה המוסרית של הכותב ניצב **הקיום והביטחון ארוך הטווח של הקולקטיב הלאומי** (""אומה חפצת חיים""). ערך זה גובר באופן מוחלט על כל שיקול אחר. תחתיו נמצאת החובה להכריע את האויב המוגדר כרוע מוחלט. בתחתית ההיררכיה נמצאת **השאיפה לשחרור מיידי של החטופים באמצעות עסקה**. סבלן של המשפחות מוכר, אך מוצג כנתון רגשי שיש ""לנקות"" מהדיון הרציונלי, וככלי שהאויב מנצל. גם ערכים כמו פתרון דיפלומטי וסיוע הומניטרי לאוכלוסיית האויב נדחקים לתחתית סדר העדיפויות.","התזה המוסרית המרכזית של המאמר היא שהסכמה לעסקת חטופים בתנאים שחמאס מציב מהווה מעשה של התאבדות לאומית והפרה של החובה המוסרית הבסיסית ביותר של אומה: הבטחת קיומה ועתידה (""אומה חפצת חיים""). ההיגיון המארגן הוא היגיון תוצאתני (consequentialist) ודאונטולוגי. הוא מציג שרשרת סיבתית בלתי נמנעת, שבה העסקה מובילה באופן ישיר וחتمي להתעצמות האויב, להרס הביטחון, ולטבח עתידי וגדול יותר. לפיכך, הפעולה היחידה שעומדת בסטנדרט המוסרי של אחריות לאומית היא דחיית העסקה וחתירה להכרעה צבאית מוחלטת, גם במחיר של דחיית שחרור החטופים בטווח המיידי."
קול דמי חיילינו זועק מן האדמה,Ultra-Nationalism,ערוץ 7,"הטקסט רווי בשפה דאונטולוגית ואוניברסלית. ביטויים כמו ""פושע"", ""חטאת רובץ"", והשאלה הרטורית ""מי לכל הרוחות מנהל..."" אינם מציגים העדפה, אלא קובעים אשמה מוסרית מוחלטת. הניצחון מוצג כ""אמיתי ואין בלתו"", קביעה אובייקטיבית ולא דעה.","הטיעון נסמך באופן מוחלט על ערכים מקודשים: ""דמי גיבורינו"", ""מסרו את נפשם"", ""עתידנו"". ערכים אלו מוצגים כבלתי ניתנים למשא ומתן, והעסקה מוצגת כחילולם.","הטקסט מגייס רגשות מוסריים עזים: **זעם (Rage)** כלפי הממשלה (""בן גוריון מקיא בקברו""), **בוז (Contempt)** כלפי כניעתה (""לועגת לנו""), ו**גועל (Disgust)** מוסרי כלפי המשא ומתן עם ""השטן"".","המאמר עוסק באופן אינטנסיבי בעבודת-גבולות (Boundary-Work). הוא משרטט גבול מוסרי חד בין הקהילה הנאמנה לזכר הנופלים לבין הממשלה הבוגדנית. הגדרת חמאס כ""שטן"" היא פעולת גבול אולטימטיבית, הממקמת אותו מחוץ למין האנושי ומחוץ לכל אפשרות של הסכם.","הטקסט הוא ביטוי מובהק של שכנוע מוסרי. הוא מפגין **תפיסת אובייקטיביות ואוניברסליות** (""הנצחון האמיתי ואין בלתו""), **עצמאות מסמכות** (דחיית הלגיטימיות של הממשלה לאשר עסקה כזו), **התמקדות במטרה על פני האמצעים** (המטרה של ניצחון מצדיקה העברת אוכלוסייה), ו**חוסר סובלנות וחוסר רצון להתפשר** (עם השטן לא מנהלים משא ומתן).","- **בראש ההיררכיה:** קדושת דמם של החיילים הנופלים והחובה להעניק משמעות למותם דרך ניצחון מוחלט. ערך זה מוצג כערך עליון, אבסולוטי ובלתי ניתן למשא ומתן. מיד אחריו ניצב הביטחון ארוך הטווח של ישראל.","התזה המוסרית המרכזית של המאמר היא שעסקת החטופים המוצעת אינה מהלך מדיני או אסטרטגי, אלא פשע מוסרי אקטיבי של בגידה וכניעה. ההיגיון המוסרי המארגן את המאמר הוא שהערך המקודש העליון, אשר כל פעולה לאומית נשפטת לפיו, הוא משמעות מותם של החיילים שנפלו בקרב. עסקה שאינה משיגה ניצחון מוחלט – המוגדר ככיבוש עזה, מחיקת חמאס, והבטחת ביטחון ארוך טווח – מרוקנת את הקרבתם ממשמעות, ובכך מחללת את קדושת דמם. לפיכך, כל פעולה שאינה מיצוי הדין עם האויב עד תום מהווה כניעה לרוע מוחלט (""השטן"") והפרה של חובה מוסרית כלפי הנופלים."
אבל אשמים אנחנו,Ultra-Nationalism,ערוץ 7,"הטקסט משתמש בשפה המציגה את עמדתו כעובדה אובייקטיבית ומוחלטת. הביקורת על שתיקת הרבנים (""האם זו דרכה של תורה?"") רומזת לחובה דאונטולוגית שהופרה. השימוש במונחים כמו ""נוראי"", ""מזעזע"", ""שפל"" מעביר את הדיון מהפוליטי למוסרי.","הטיעון נסמך על ערכים מקודשים: ביטחון ישראל, חיי אזרחים תמימים, והצדק המגיע לקורבנות הטרור. ערכים אלו מוצגים כבלתי ניתנים למשא ומתן, בניגוד לרגשות חולפים.","המאמר מגייס רגשות מוסריים באופן אינטנסיבי. הוא מבטא **זעם** על העסקה ועל הפאסיביות, **בוז** מרומז כלפי התמימות של הציבור הימני, ומנסה לעורר **אשמה** ו**בושה** בקרב קוראיו הימניים על כישלונם ההיסטורי החוזר ונשנה.","כפי שצוין, המאמר עוסק באופן אינטנסיבי בעבודת גבולות, בעיקר בהגדרת הגבול הפנימי בתוך הימין בין הלוחמים הראויים לבין הרוב הפאסיבי והנכנע.","עמדת הכותב מדגימה באופן מובהק ""שכנוע מוסרי"". היא מוצגת כאמת אובייקטיבית ואוניברסלית (הסכנות ברורות והיסטוריות). היא מלווה בתחושת דחיפות ומחויבות לפעולה (""זועקים חודשים""). היא מפגינה חוסר סובלנות מוחלט לפשרה (המאבק בין ""בכל מחיר"" ל""לא בכל מחיר""). היא דוחה את הלגיטימיות של הקונצנזוס הציבורי המתהווה.","- **בראש סדר העדיפויות:** ביטחון הלאום ארוך הטווח, עתידם של אזרחי ישראל, והעיקרון המוסרי של מיצוי הדין עם רוצחים ואי-כניעה לטרור. ערכים אלו מוצגים כחובה קולקטיבית עליונה.","התזה המוסרית המרכזית של המאמר אינה שהעסקה רעה, אלא שהציבור הימני נושא באשמה המוסרית המרכזית לכך שהיא מתאפשרת. ההיגיון המארגן הוא היגיון של אחריותיות פנימית וכשל מוסרי קולקטיבי. הטיעון קובע כי הציבור הימני, למרות שהיה אמור להבין את הסכנות, נכשל בחובתו המוסרית להתנגד לעסקה הרת אסון, וזאת בשל תמימות, חולשה רגשית, וחוסר בגרות פוליטית. האשמה אינה מוטלת על היריב האידיאולוגי (השמאל) כאחראי עיקרי, אלא על המחנה של הכותב עצמו, שבפאסיביות שלו הפך לשותף דה פקטו למהלך שהוא מגנה."
